ID	Line	Book	Chapter	Verse	WordNum	Word	NoDiaWord	VarWord	Strong	RMAC	Lemma	VarianceForm	VarianceType	ImpactCode	ErrorCode	VarCode	Description	Preserved	Critical	Error	Variance	Context	Inflection	Resolved
1	2	Mat 	1	2	2	ἐννσε	εγενννσεν	εγεννησεν	G1080	V-AAI-3S	γεννάω	PC	E		Spelling-X	PC-E--X	extra ν	1	1	1	0	0	0	1
2	3	Mat 	1	3	19	ἐνυησε	εγεννυησεν	εγε	G1080	V-AAI-3S	γεννάω	PC	E	C	Spelling-X	PC-E-C-X	None	1	1	1	0	1	0	1
3	4	Mat 	1	4	10	ναασσό	ναασσον	ναασσων	G3476	N-PRI	Ναασσών	P	V	C	Spelling-X	P-V-C-X		1	0	0	1	1	0	1
4	4	Mat 	1	4	11	νααὸ	ναασσον	ναασσων	G3476	N-PRI	Ναασσών	P	V	C	Spelling-X	P-V-C-X		1	0	0	1	1	0	1
5	6	Mat 	1	6	14	σολομῶνα	σολομωνα	σολομωντα	G4672	N-ASM	Σολομών	P	V	C	Spelling-X	None		1	0	0	1	1	0	1
6	7	Mat 	1	7	1	σαλομὼ	σαλομων	σολομων	G4672	N-NSM	Σολομών	P	V	C	Spelling-X	None		1	0	0	1	1	0	1
7	8	Mat 	1	8	15	σε	σεν	εγαμησεν	G1060	V-AAI-3S	γαμέω	P	V	C	Spelling-X	None		1	0	0	1	1	0	1
8	11	Mat 	1	11	12	μεοικεσεοίας	μετοικεσεοιας	μετοικεσιας	G3350	N-GSF	μετοικεσία		E	C	Spelling-X	-E-C-X		0	0	1	0	1	0	1
9	13	Mat 	1	13	10	ἐλιακίμ	ελιακιμ	ελιακειμ	G1662	N-PRI	Ἐλιακείμ	P	V	C	Spelling-X	P-V-C-X		1	0	0	1	1	0	1
10	13	Mat 	1	13	11	ἐλιακὶμ	ελιακιμ	ελιακειμ	G1662	N-PRI	Ἐλιακείμ	P	V	C	Spelling-X	P-V-C-X		1	0	0	1	1	0	1
11	14	Mat 	1	14	10	ἀχ	αχην	αχειμ	G885	N-PRI	Ἀχείμ	P	V	C	Spelling-X	None		1	0	0	1	1	0	1
12	14	Mat 	1	14	11	ἀχ	αχην	αχειμ	G885	N-PRI	Ἀχείμ	P	V	C	Spelling-X	None		1	0	0	1	1	0	1
13	17	Mat 	1	17	4	γενεσαὶ	γενεσαι	γενεαι	G1074	N-NPF	γενεά		V	C	Spelling-X	-V-C-X		0	0	0	1	1	0	1
14	18	Mat 	1	18	9	μνηήσης	μνηστενθησης	μνηστευθεισης	G3423	V-APP-GSF	μνηστεύω	P	E	C	Spelling-X	None		1	0	1	0	1	0	1
15	18	Mat 	1	18	12	μηέρο	μητερος	μητρος	G3384	N-GSF	μήτηρ	P	V	I	Spelling-X	P-V-I-X		1	0	0	1	0	1	1
16	20	Mat 	1	20	8	κα	κατ᾽	κατ	G2596	PREP	κατά	P	V	CI	Punctuation-P	P-V-CI-P	None	1	0	0	1	1	1	1
17	23	Mat 	1	23	18	μεθερμό	μεθερμενενο	μεθερμηνευομενον	G3177	V-PPP-NSN	μεθερμηνεύω	C	E	C	Translation-T	C-E-C-T	"2 errors:
 incorrectly normalized to εν. It is now ευ.
incorrect spacing leaving μεθερμηνευομενον broken."	0	1	1	0	1	0	1
18	23	Mat 	1	23	20	μεϑʼ	μεθ'	μεθ	G3326	PREP	μετά	P	EV	C	Spelling-X	None		1	0	1	1	1	0	1
19	24	Mat 	1	24	15	έλαϐε	παρελαβεν	παρελαβε	G3880	V-2AAI-3S	παραλαμβάνω	PC	V	CI	Spelling-X	PC-V-CI-X		1	1	0	1	1	1	1
20	27	Mat 	2	2	8	ἰουδω;	ιουδαιων;	ιουδαιων	G2453	A-GPM	Ἰουδαῖος	PC	V	C	Punctuation-P	PC-V-C-P		1	1	0	1	1	0	1
21	28	Mat 	2	3	10	μεʼ	μετ'	μετ	G3326	PREP	μετά	PC	V	C	Punctuation-P	PC-V-C-P	None	1	1	0	1	1	0	1
22	32	Mat 	2	7	7	ἡκρίϐωσε	ηκριβωσεν	ηκριβωσε	G198	V-AAI-3S	ἀκριβόω	PC	V	CI	Spelling-X	PC-V-CI-X		1	1	0	1	1	1	1
23	32	Mat 	2	7	13	φνα	φαιναμενου	φαινομενου	G5316	V-PEP-GSM	φαίνω	PC	V	C	Spelling-X	PC-V-C-X	" spells it φαιναμενου.
TR spells it φαινομενου."	1	1	0	1	1	0	1
24	33	Mat 	2	8	13	ἐϖ͗ἂ	επ'αν	επαν	G1875	CONJ	ἐπάν	PC	V	C	Spelling-X	PC-V-C-X	None	1	1	0	1	1	0	1
25	33	Mat 	2	8	21	ςσκήσω	πρσσκυνησω	προσκυνησω	G4352	V-AAS-1S	προσκυνέω	PC	EV	C	Spelling-X	PC-EV-C-X	 is clearly errant in that the word is spelled with two sigmas (ςσ) and no omicron (οσ) as a vowel as in TR.	1	1	1	1	1	0	1
26	37	Mat 	2	12	3	κα	κατ᾽	κατ	G2596	PREP	κατά	P	V	CI	Punctuation-P	P-V-CI-P	None	1	0	0	1	1	1	1
27	38	Mat 	2	13	8	καʼ	κατ'	κατ	G2596	PREP	κατά	PC	V	C	Spelling-X	PC-V-C-X	None	1	1	0	1	1	0	1
28	39	Mat 	2	14	4	έλαϐε	παρελαβεν	παρελαβε	G3880	V-2AAI-3S	παραλαμβάνω	PC	V	CI	Spelling-X	PC-V-CI-X		1	1	0	1	1	1	1
29	40	Mat 	2	15	17	φροφή	φροφητου	προφητου	G4396	N-GSM	προφήτης	PC	EV	C	Spelling-X	PC-EV-C-X	" - φροφητου spelling error φ should be π

TR - προφητου"	1	1	1	1	1	0	1
30	41	Mat 	2	16	13	ἁνλε	ανειλεν	ανειλε	G337	V-2AAI-3S	ἀναιρέω	P	V	C	Spelling-X	P-V-C-X	None	1	0	0	1	1	0	1
31	41	Mat 	2	16	27	δυετοὺς	δυετους	διετους	G1332	A-GSM	διετής	PC	V	C	Spelling-X	PC-V-C-X	None	1	1	0	1	1	0	1
32	41	Mat 	2	16	34	ἠκρίϐωσε	ηκριβωσεν	ηκριβωσε	G198	V-AAI-3S	ἀκριβόω	PC	V	I	Spelling-X	PC-V-I-X		1	1	0	1	0	1	1
33	44	Mat 	2	19	8	καʼ	κατ'	κατ	G2596	PREP	κατά	PC	V	C	Spelling-X	PC-V-C-X	None	1	1	0	1	1	0	1
34	45	Mat 	2	20	15	Τεθνήκασι	τεθνηκασιν	τεθνηκασι	G2348	V-RAI-3P	θνήσκω				Spelling-X	---X		0	0	0	0	0	0	1
35	46	Mat 	2	21	4	έλαϐε	παρελαβεν	παρελαβε	G3880	V-2AAI-3S	παραλαμβάνω	PC	V	CI	Spelling-X	PC-V-CI-X		1	1	0	1	1	1	1
36	47	Mat 	2	22	19	κα	κατ᾽	κατ	G2596	PREP	κατά	P	V	CI	Punctuation-P	P-V-CI-P	None	1	0	0	1	1	1	1
37	48	Mat 	2	23	7	ναζαρέθ	ναζαρεθ	ναζαρετ	G3478	N-PRI	Ναζαρέθ	PC	V	C	Spelling-X	PC-V-C-X		1	1	0	1	1	0	1
38	54	Mat 	3	6	6	ὑϖʼ	υπ'	υπ	G5259	PREP	ὑπό	P	V	C	Diacritic-D	P-V-C-D	None	1	0	0	1	1	0	1
39	55	Mat 	3	7	24	ὀρῆς;	οργησ;	οργης	G3709	N-GSF	ὀργή	C	E	C	Punctuation-P	C-E-C-P		0	1	1	0	1	0	1
40	61	Mat 	3	13	16	ὑϖʼ	υπ'	υπ	G5259	PREP	ὑπό	P	V	C	Diacritic-D	P-V-C-D	None	1	0	0	1	1	0	1
41	64	Mat 	3	16	27	ἐϖʼ	επ'	επ	G1909	PREP	ἐπί	PC	V		Diacritic-D	PC-V--D	None	1	1	0	1	0	0	1
42	66	Mat 	4	1	11	πραν	πειρασθουναι	πειρασθηναι	G3985	V-APN	πειράζω	PC	V		Spelling-X	PC-V--X	None	1	1	0	1	0	0	1
43	69	Mat 	4	4	7	ἐϖʼ	επ'	επ	G1909	PREP	ἐπί	PC	V		Punctuation-P	PC-V--P	None	1	1	0	1	0	0	1
44	69	Mat 	4	4	12	ἀλλʼ	αλλ'	αλλ	G235	CONJ	ἀλλά	P	V	C	Punctuation-P	P-V-C-P	None	1	0	0	1	1	0	1
45	71	Mat 	4	6	9	βάε	βαλλε	βαλε	G906	V-2AAM-2S	βάλλω	PC	V		Spelling-X	PC-V--X	TR uses βαλε	1	1	0	1	0	0	1
46	78	Mat 	4	13	4	ναζαρέθ	ναζαρεθ	ναζαρετ	G3478	N-PRI	Ναζαρέθ	C	E		Spacing-Y	C-E--Y	None	0	1	1	0	0	0	1
47	78	Mat 	4	13	15	νεφθαλὶμ	νεφθαλιμ	νεφθαλειμ	G3508	N-PRI	Νεφθαλείμ	PC	V		Spelling-X	PC-V--X	None	1	1	0	1	0	0	1
48	80	Mat 	4	15	4	νεφθαλὶμ	νεφθαλιμ	νεφθαλειμ	G3508	N-PRI	Νεφθαλείμ	PC	V		Spelling-X	PC-V--X	TR uses νεφθαλειμ	1	1	0	1	0	0	1
49	95	Mat 	5	5	8	γ	γυν	γην	G1093	N-ASF	γῆ	PC	V		Spelling-X	PC-V--X	None	1	1	0	1	0	0	1
50	101	Mat 	5	11	7	διώωσιν	διωξωσιν	διωξωσι	G1377	V-AAS-3P	διώκω	PC	V	CI	Spelling-X	PC-V-CI-X	None	1	1	0	1	1	1	1
51	101	Mat 	5	11	13	καϑʼ	καθ'	καθ	G2596	PREP	κατά	PC	V		Punctuation-P	PC-V--P	None	1	1	0	1	0	0	1
52	104	Mat 	5	14	12	ὄρεω	ορεως	ορους	G3735	N-GSN	ὄρος	PC	V	C	Spelling-X	PC-V-C-X	TR uses ορους	1	1	0	1	1	0	1
53	105	Mat 	5	15	10	ἁλλʼ	αλλ'	αλλ	G235	CONJ	ἀλλά	P	V	C	Punctuation-P	P-V-C-P	None	1	0	0	1	1	0	1
54	107	Mat 	5	17	2	νομίοῃτἑ	νομιοητε	νομισητε	G3543	V-AAS-2P	νομίζω	PC	V		Spelling-X	PC-V--X	TR uses νομιστε replacing οητε with σητε.	1	1	0	1	0	0	1
55	109	Mat 	5	19	6	ωλῶ	εντωλων	εντολων	G1785	N-GPF	ἐντολή	PC	V	CI	Spelling-X	PC-V-CI-X	TR uses εντολων	1	1	0	1	1	1	1
56	109	Mat 	5	19	23	δʼ	δ'	δ	G1161	CONJ	δέ	PC	V		Punctuation-P	PC-V--P	None	1	1	0	1	0	0	1
57	110	Mat 	5	20	3	περιεύσ	περισσευσει	περισσευη	G4052	V-PAS-3S	περισσεύω	PC	V	CI	Spelling-X	PC-V-CI-X	None	1	1	0	1	1	1	1
58	111	Mat 	5	21	9	δʼ	δ'	δ	G1161	CONJ	δέ	PC	V		Punctuation-P	PC-V--P	None	1	1	0	1	0	0	1
59	111	Mat 	5	21	11	φονεύσει	φονευσει	φονευση	G5407	V-AAS-3S	φονεύω	PC	V	CI	Spelling-X	PC-V-CI-X	TR uses φονεύσῃ.  	1	1	0	1	1	1	1
60	112	Mat 	5	22	18	δʼ	δ'	δ	G1161	CONJ	δέ	PC	V		Punctuation-P	PC-V--P	None	1	1	0	1	0	0	1
61	112	Mat 	5	22	30	δʼ	δ'	δ	G1161	CONJ	δέ	PC	V		Punctuation-P	PC-V--P	None	1	1	0	1	0	0	1
62	112	Mat 	5	22	38	γέενα	γεεναν	γεενναν	G1067	N-ASF	γέεννα	PC	V		Spelling-X	PC-V--X	None	1	1	0	1	0	0	1
63	115	Mat 	5	25	13	δῷ	δω	οδω	G3598	N-DSF	ὁδός	C	E		Spacing-Y	C-E--Y	end of line spacing	0	1	1	0	0	0	1
64	119	Mat 	5	29	13	βάε	βαλλε	βαλε	G906	V-2AAM-2S	βάλλω	PC	V		Spelling-X	PC-V--X	None	1	1	0	1	0	0	1
65	119	Mat 	5	29	33	γέενα	γεεναν	γεενναν	G1067	N-ASF	γέεννα	PC	V		Spelling-X	PC-V--X	None	1	1	0	1	0	0	1
66	120	Mat 	5	30	12	βάε	βαλλε	βαλε	G906	V-2AAM-2S	βάλλω	PC	V		Spelling-X	PC-V--X	TR uses βαλε	1	1	0	1	0	0	1
67	120	Mat 	5	30	32	γέενα	γεεναν	γεενναν	G1067	N-ASF	γέεννα	PC	V		Spelling-X	PC-V--X	None	1	1	0	1	0	0	1
68	121	Mat 	5	31	5	ἀλύσ	απολυσει	απολυση	G630	V-AAS-3S	ἀπολύω	PC	V	I	Spelling-X	PC-V-I-X	None	1	1	0	1	0	1	1
69	122	Mat 	5	32	8	ἀπολύσ	απολυσει	απολυση	G630	V-AAS-3S	ἀπολύω	PC	V	I	Spelling-X	PC-V-I-X	None	1	1	0	1	0	1	1
70	122	Mat 	5	32	15	ποι	ποειι	ποιει	G4160	V-PAI-3S	ποιέω	PC	V	CI	Spelling-X	PC-V-CI-X	"ι should precede .
TR uses ποιει"	1	1	0	1	1	1	1
71	122	Mat 	5	32	22	γαμήσ	γαμησει	γαμηση	G1060	V-AAS-3S	γαμέω	PC	V	CI	Spelling-X	PC-V-CI-X	TR uses γαμηση	1	1	0	1	1	1	1
72	126	Mat 	5	36	6	ὀμώσς	ομωσεις	ομοσης	G3660	V-AAS-2S	ὀμνύω	PC	V	CI	Spelling-X	PC-V-CI-X	None	1	1	0	1	1	1	1
73	127	Mat 	5	37	12	ιὸ	παρισσον	περισσον	G4053	A-NSN	περισσός	PC	V	C	Spelling-X	PC-V-C-X	None	1	1	0	1	1	0	1
74	129	Mat 	5	39	9	ἁλλʼ	αλλ'	αλλ	G235	CONJ	ἀλλά	P	V	C	Punctuation-P	P-V-C-P	None	1	0	0	1	1	0	1
75	131	Mat 	5	41	8	μεʼ	μετ'	μετ	G3326	PREP	μετά	PC	V	C	Punctuation-P	PC-V-C-P	None	1	1	0	1	1	0	1
76	136	Mat 	5	46	9	ἔχε;	εχετε;	εχετε	G2192	V-PAI-2P	ἔχω	PC	V	C	Punctuation-P	PC-V-C-P	None	1	1	0	1	1	0	1
77	136	Mat 	5	46	16	ισι;	ποιουσιν;	ποιουσιν	G4160	V-PAI-3P	ποιέω	PC	V	C	Punctuation-P	PC-V-C-P	None	1	1	0	1	1	0	1
78	137	Mat 	5	47	10	οι;	ποιειτε;	ποιειτε	G4160	V-PAM-2P	ποιέω	PC	V	C	Punctuation-P	PC-V-C-P	None	1	1	0	1	1	0	1
79	137	Mat 	5	47	16	οισι;	ποιουσιν;	ποιουσιν	G4160	V-PAI-3P	ποιέω	PC	V	C	Punctuation-P	PC-V-C-P	None	1	1	0	1	1	0	1
80	140	Mat 	6	2	1	ὅἂ	οτ᾽αν	οταν	G3752	CONJ	ὅταν	PC	V	C	Punctuation-P	PC-V-C-P	None	1	1	0	1	1	0	1
81	140	Mat 	6	2	21	δοξῶσι	δοξσθωσιν	δοξ	None	None	None				None	---e	None	0	0	0	0	0	0	1
82	140	Mat 	6	2	28	ἁπέχσι	απεχουσιν	απεχουσι	G568	V-PAI-3P	ἀπέχω	P	V	I	None	P-V-I-e	None	1	0	0	1	0	1	1
83	143	Mat 	6	5	24	φῶσι	φανωσιν	φανωσι	G5316	V-2APS-3P	φαίνω	PC	V	I	None	PC-V-I-e	None	1	1	0	1	0	1	1
84	143	Mat 	6	5	26	ἀνθρώηι	ανθρωηποις	ανθρωποις	G444	N-DPM	ἄνθρωπος	C	E		Spelling-X	C-E--X	None	0	1	1	0	0	0	1
85	143	Mat 	6	5	31	ἀπέχσι	απεχουσιν	απεχουσι	G568	V-PAI-3P	ἀπέχω	P	V	I	None	P-V-I-e	None	1	0	0	1	0	1	1
86	144	Mat 	6	6	3	ὅἂ	οτ᾽αν	οταν	G3752	CONJ	ὅταν	PC	V	C	Punctuation-P	PC-V-C-P	None	1	1	0	1	1	0	1
87	145	Mat 	6	7	4	βάολογήση	βαπτολογησητε	βαττολογησητε	G945	V-AAS-2P	βαττολογέω	C	E		Translation-T	C-E--T	wrong ligature	0	1	1	0	0	0	1
88	145	Mat 	6	7	8	δσκσιν	δσκουσιν	δοκουσι	G1380	V-PAI-3P	δοκέω	C	E		Spelling-X	C-E--X	None	0	1	1	0	0	0	1
89	147	Mat 	6	9	10	ὀαρoῖς	οαρανoις	ουρανοις	G3772	N-DPM	οὐρανός	C	E		Spelling-X	C-E--X	None	0	1	1	0	0	0	1
90	148	Mat 	6	10	11	ὀαρῷ	οαρανω	ουρανω	G3772	N-DSM	οὐρανός	C	E		Spelling-X	C-E--X	None	0	1	1	0	0	0	1
91	150	Mat 	6	12	6	ἡμῶμ	ημωμ	ημων	G2257	P-1GP	ἐγώ	C	E		Spelling-X	C-E--X	None	0	1	1	0	0	0	1
92	152	Mat 	6	14	3	ἀφῆι	αφηιτε	αφητε	G863	V-2AAS-2P	ἀφίημι	PC	V		Spelling-X	PC-V--X	TR uses αφητε	1	1	0	1	0	0	1
93	152	Mat 	6	14	8	ἀυῶμ	αυτωμ	αυτων	G846	P-GPM	αὐτός	C	E		Spelling-X	C-E--X	None	0	1	1	0	0	0	1
94	152	Mat 	6	14	16	ὀσράνιος	οσρανιος	ουρανιος	G3770	A-NSM	οὐράνιος	C	E		Spelling-X	C-E--X	None	0	1	1	0	0	0	1
95	154	Mat 	6	16	1	ὅἂ	οτ᾽αν	οταν	G3752	CONJ	ὅταν	PC	V	C	Punctuation-P	PC-V-C-P	None	1	1	0	1	1	0	1
96	154	Mat 	6	16	6	ὥ	ωυνερ	ωσπερ	G5618	ADV	ὥσπερ	C	E		Spelling-X	C-E--X	None	0	1	1	0	0	0	1
97	154	Mat 	6	16	8	ὑηκριαὶ	υητοκριται	υποκριται	G5273	N-NPM	ὑποκριτής	C	E		Spelling-X	C-E--X	None	0	1	1	0	0	0	1
98	154	Mat 	6	16	10	ἀφίζσι	αφανιζουσιν	αφανιζουσι	G853	V-PAI-3P	ἀφανίζω	PC	V	I	None	PC-V-I-e	None	1	1	0	1	0	1	1
99	154	Mat 	6	16	16	φῶσι	φανωσιν	φανωσι	G5316	V-2APS-3P	φαίνω	PC	V	I	None	PC-V-I-e	None	1	1	0	1	0	1	1
100	154	Mat 	6	16	24	ἀπέχουσι	απεχουσιν	απεχουσι	G568	V-PAI-3P	ἀπέχω	PC	V	I	Spelling-X	PC-V-I-X	None	1	1	0	1	0	1	1
101	157	Mat 	6	19	2	ϑησαυρζετε	θησαυρζετε	θησαυριζετε	G2343	V-PAM-2P	θησαυρίζω	C	E		Spelling-X	C-E--X	None	0	1	1	0	0	0	1
102	157	Mat 	6	19	16	διορίσι	διορισσουσιν	διορυσσουσιν	G1358	V-PAI-3P	διορύσσω	PC	V		Spelling-X	PC-V--X	TR uses διορυσσουσιν	1	1	0	1	0	0	1
103	161	Mat 	6	23	12	σκοτινὸ	σκοτινον	σκοτενον	G4655	N-DSN	σκότος	PC	V		Spelling-X	PC-V--X	TR uses σκοτεινὸν	1	1	0	1	0	0	1
104	162	Mat 	6	24	17	ἀνθέζετ	ανθεζεται	ανθεξεται	G472	V-FDI-3S	ἀντέχομαι				None	---e	None	0	0	0	0	0	0	1
105	162	Mat 	6	24	27	μαμωανᾷ	μαμωανα	μαμμωνα	G3126	N-DSN	μαμμωνᾶς	P	V		Spelling-X	P-V--X	TR uses μαμμωνα	1	0	0	1	0	0	1
106	164	Mat 	6	26	15	ἀπθήκασ	απθηκας	αποθηκας	G596	N-APF	ἀποθήκη	C	E		Spelling-X	C-E--X	should be αποθηκας	0	1	1	0	0	0	1
107	164	Mat 	6	26	24	ὀυχ̓ἡμς	ουχ̓ημεις	ουχ	G3756	PRT-N	οὐ	PC			Spacing-Y	PC---Y	"end of line spacing
"	1	1	0	0	0	0	1
108	165	Mat 	6	27	7	οα	προσθηνααι	προ	None	None	None	C	E		Spelling-X	C-E--X	None	0	1	1	0	0	0	1
109	168	Mat 	6	30	10	ἄυροιν	αυροιν	αυρ	None	None	None	C	E		Spelling-X	C-E--X	None	0	1	1	0	0	0	1
110	168	Mat 	6	30	17	ἁμένυσι	αμφιενυσιν	αμφιεννυσιν	G294	V-PAI-3S	ἀμφιέννυμι	PC	V		Spelling-X	PC-V--X	TR uses αμφιεννυσιν	1	1	0	1	0	0	1
111	170	Mat 	6	32	6	ἐιζηετεῖ	επιζηετει	επι	None	None	None	C	E		Spelling-X	C-E--X	None	0	1	1	0	0	0	1
112	172	Mat 	6	34	2		υν	υν	None	None	None	C	E		Spelling-X	C-E--X	None	0	1	1	0	0	0	1
113	174	Mat 	7	2	13	μειθήσε	μετριθησεται	αντιμετρηθησεται	G488	V-FPI-3S	ἀντιμετρέω	PC	V		Spelling-X	PC-V--X	TR uses ἀντιμετρηθήσεται	1	1	0	1	0	0	1
114	177	Mat 	7	5	2	ἔκϐαο	εκβαλλο	εκβαλε	G1544	V-2AAM-2S	ἐκβάλλω	PC	V	CI	Spelling-X	PC-V-CI-X	TR uses εκβαλε	1	1	0	1	1	1	1
115	177	Mat 	7	5	13	ἐκαν	εκαλλειν	εκβαλειν	G1544	V-2AAN	ἐκβάλλω	PC	V		Spelling-X	PC-V--X	εκβαλειν	1	1	0	1	0	0	1
116	178	Mat 	7	6	6	κυσι	κυσιν	κυσιν	G2965	N-DPM	κύων	P			None	P---e	None	1	0	0	0	0	0	1
117	178	Mat 	7	6	8	βάλλε	βαλλετε	βαλητε	G906	V-2AAS-2P	βάλλω	PC	V		Spelling-X	PC-V--X	TR uses βαλητε	1	1	0	1	0	0	1
118	184	Mat 	7	12	12	τως	τως	τως	None	None	None	C	E		Spacing-Y	C-E--Y	end of line spacing	0	1	1	0	0	0	1
119	184	Mat 	7	12	17	ος	οτος	ουτος	G3778	D-NSM	οὗτος	C	E		Spelling-X	C-E--X	should be ουτοσ	0	1	1	0	0	0	1
120	185	Mat 	7	13	5	πύλις	πυλις	πυλης	G4439	N-GSF	πύλη	C	E		Spelling-X	C-E--X	None	0	1	1	0	0	0	1
121	185	Mat 	7	13	13	ρος	ρος	ρος	None	None	None	C	E		Addition-A	C-E--A	repeated η ρος	0	1	1	0	0	0	1
122	185	Mat 	7	13	25	ἐσερχόοι	εσερχομενοι	εισερχομενοι	G1525	V-PNP-NPM	εἰσέρχομαι	C	E		Spelling-X	C-E--X	None	0	1	1	0	0	0	1
123	185	Mat 	7	13	26	δʼι	δ'ι	δι	G1223	PREP	διά	PC	V	C	Punctuation-P	PC-V-C-P	atypical apostrophe on δ intead of ι	1	1	0	1	1	0	1
124	187	Mat 	7	15	11	δύμασι	ενδυμασιν	ενδυμασι	G1742	N-DPN	ἔνδυμα	PC	V	I	Spelling-X	PC-V-I-X	None	1	1	0	1	0	1	1
125	189	Mat 	7	17	3	δέδρομ	δενδρομ	δενδρον	G1186	N-NSN	δένδρον	C	E		Spelling-X	C-E--X	None	0	1	1	0	0	0	1
126	190	Mat 	7	18	2	δαα	δαυναται	δυναται	G1410	V-PNI-3S	δύναμαι	C	E		Spelling-X	C-E--X	None	0	1	1	0	0	0	1
127	190	Mat 	7	18	11	καρ	καρ	καρπους	G2590	N-APM	καρπός	P	E		Spacing-Y	P-E--Y	None	1	0	1	0	0	0	1
128	193	Mat 	7	21	14	ἀλλʼ	αλλ'	αλλ	G235	CONJ	ἀλλά	P	V	C	Punctuation-P	P-V-C-P	None	1	0	0	1	1	0	1
129	193	Mat 	7	21	24	ὀυρονοῖς	ουρονοις	ουρανοις	G3772	N-DPM	οὐρανός	C	E		Spelling-X	C-E--X	None	0	1	1	0	0	0	1
130	194	Mat 	7	22	5	ἐκείμῃ	εκειμη	εκεινη	G1565	D-DSF	ἐκεῖνος				None	---e	None	0	0	0	0	0	0	1
131	195	Mat 	7	23	10	ἀϖʼ	απ'	απ	G575	PREP	ἀπό	PC	V		Punctuation-P	PC-V--P	None	1	1	0	1	0	0	1
132	197	Mat 	7	25	14	οσέπεσα	προσεπεσαν	προσεπεσον	G4363	V-2AAI-3P	προσπίπτω	PC	V	I	Spelling-X	PC-V-I-X	None	1	1	0	1	0	1	1
133	198	Mat 	7	26	13	ὁμιωθήσε	ομιωθησεται	ομοιωθησεται	G3666	V-FPI-3S	ὁμοιόω	PC	V	C	Spelling-X	PC-V-C-X	None	1	1	0	1	1	0	1
134	198	Mat 	7	26	18	ᾠοκοδόμησε	ωοκοδομησεν	ωκοδομησεν	G3618	V-AAI-3S	οἰκοδομέω	C	E		Spelling-X	C-E--X	None	0	1	1	0	0	0	1
135	201	Mat 	7	29	6	ονσία	εξονσιαν	εξουσιαν	G1849	N-ASF	ἐξουσία	C	E		Spelling-X	C-E--X	None	0	1	1	0	0	0	1
136	201	Mat 	7	29	9	ὀυχ͗	ουχ'	ουχ	G3756	PRT-N	οὐ	PC	V	I	Punctuation-P	PC-V-I-P	None	1	1	0	1	0	1	1
137	203	Mat 	8	2	3	λεὸσἐλϑὼ	λεπροσελθων	λεπρος	G3015	A-NSM	λεπρός	C	E		Spacing-Y	C-E--Y	two words λεπ ελθων	0	1	1	0	0	0	1
138	204	Mat 	8	3	14	ἐκαθερίη	εκαθερισθη	εκαθαρισθη	G2511	V-API-3S	καθαρίζω	PC	V		Spelling-X	PC-V--X	None	1	1	0	1	0	0	1
139	210	Mat 	8	9	9	ὑπ͗	υπ'	υπ	G5259	PREP	ὑπό	P	V	C	Diacritic-D	P-V-C-D	None	1	0	0	1	1	0	1
140	211	Mat 	8	10	4	ΙΗΣΟΣ	ιησος	ιησους	G2424	N-NSM	Ἰησοῦς	PC	V		Spelling-X	PC-V--X	None	1	1	0	1	0	0	1
141	211	Mat 	8	10	19	σάυην	σαυτην	τοσαυτην	G5118	D-ASF	τοσοῦτος	C	E		Spacing-Y	C-E--Y	end of line spacing	0	1	1	0	0	0	1
142	213	Mat 	8	12	6	ἐκϐληθήσν	εκβληθησνται	εκβληθησονται	G1544	V-FPI-3P	ἐκβάλλω	C	E		Spelling-X	C-E--X	None	0	1	1	0	0	0	1
143	213	Mat 	8	12	9	σκότ	σκοτ	σκοτος	G4655	N-NSN	σκότος	PC	V	I	Punctuation-P	PC-V-I-P	None	1	1	0	1	0	1	1
144	213	Mat 	8	12	10	̊	̊	σκοτος	G4655	N-NSN	σκότος	PC	V		Punctuation-P	PC-V--P	σκότ ̊	1	1	0	1	0	0	1
145	213	Mat 	8	12	16	κλαυθμ	κλαυθμ	κλαυθμος	G2805	N-NSM	κλαυθμός	PC	V	I	Punctuation-P	PC-V-I-P	κλαυθμ ̊̀	1	1	0	1	0	1	1
146	213	Mat 	8	12	17	̊̀	̊̀	κλαυθμος	G2805	N-NSM	κλαυθμός	PC	V	I	Punctuation-P	PC-V-I-P	κλαυθμ ̊̀	1	1	0	1	0	1	1
147	214	Mat 	8	13	10	ἐϖίευσ	επιστευσους	επιστευσας	G4100	V-AAI-2S	πιστεύω	C	E		Spelling-X	C-E--X	None	0	1	1	0	0	0	1
148	215	Mat 	8	14	13	βεϐλημμένην	βεβλημμενην	βεβλημενην	G906	V-RPP-ASF	βάλλω	PC	V	C	Spelling-X	PC-V-C-X	None	1	1	0	1	1	0	1
149	218	Mat 	8	17	13	ἀεΐασ	ασθενιας	ασθενειας	G769	N-APF	ἀσθένεια	PC	V	C	Spelling-X	PC-V-C-X	None	1	1	0	1	1	0	1
150	221	Mat 	8	20	12	πετοννὰ	πετονεινα	πετεινα	G4071	N-APN	πετεινόν	C	E		Spelling-X	C-E--X	None	0	1	1	0	0	0	1
151	225	Mat 	8	24	18	ἐκάϑευδε	εκαθευδεν	εκαθευδε	G2518	V-IAI-3S	καθεύδω	PC	V		None	PC-V--e	None	1	1	0	1	0	0	1
152	226	Mat 	8	25	4	μαθπταί	μαθπται	μαθηται	G3101	N-NPM	μαθητής	C	E		Spelling-X	C-E--X	None	0	1	1	0	0	0	1
153	226	Mat 	8	25	11	ἀολύμεθα	απολυμεθα	απολλυμεθα	G622	V-PMI-1P	ἀπόλλυμι	PC	V		Spelling-X	PC-V--X	None	1	1	0	1	0	0	1
154	231	Mat 	8	30	4	ἀϖʼ	απ'	απ	G575	PREP	ἀπό	PC	V		Punctuation-P	PC-V--P	None	1	1	0	1	0	0	1
155	233	Mat 	8	32	24	κριμν	κριμνου	κρημνου	G2911	N-GSM	κρημνός	PC	V		Spelling-X	PC-V--X	None	1	1	0	1	0	0	1
156	236	Mat 	9	1	8	διεπέρασε	διεπερασεν	διεπερασε	G1276	V-AAI-3S	διαπεράω	PC	V	I	Spelling-X	PC-V-I-X	None	1	1	0	1	0	1	1
157	239	Mat 	9	4	6	υμσας	ενθυμεισας	ενθυμησεις	G1761	N-APF	ἐνθύμησις	C	E		Spelling-X	C-E--X	None	0	1	1	0	0	0	1
158	239	Mat 	9	4	12	ϑυμ	ενθυμει	ενθυμεισθε	G1760	V-PNI-2P	ἐνθυμέομαι	C	E		Spacing-Y	C-E--Y	None	0	1	1	0	0	0	1
159	239	Mat 	9	4	13	ε	σθε	ενθυμησεις	G1761	N-APF	ἐνθύμησις	C	E		Spelling-X	C-E--X	None	0	1	1	0	0	0	1
160	240	Mat 	9	5	4	ἐυκολώτερον	ευκολωτερον	ευκοπωτερον	G2123	A-NSN-C	εὐκοπώτερος	PC	V	C	Spelling-X	PC-V-C-X	None	1	1	0	1	1	0	1
161	240	Mat 	9	5	12	ἔγειρε	εγειρε	εγειραι	G1453	V-AAN	ἐγείρω	PC	V	CI	Spelling-X	PC-V-CI-X	None	1	1	0	1	1	1	1
162	242	Mat 	9	7	3	ἁλθεν	απουλθεν	απηλθεν	G565	V-2AAI-3S	ἀπέρχομαι	C	E		Spelling-X	C-E--X	None	0	1	1	0	0	0	1
163	245	Mat 	9	10	15	σέκ	συννεκειντο	συνανεκειντο	G4873	V-INI-3P	συνανάκειμαι	C	E		Spelling-X	C-E--X	None	0	1	1	0	0	0	1
164	246	Mat 	9	11	17	διδάσκαλ̊	διδασκαλ̊	διδασκαλος	G1320	N-NSM	διδάσκαλος	PC	V		Spelling-X	PC-V--X	None	1	1	0	1	0	0	1
165	247	Mat 	9	12	13	ἀλλʼ	αλλ'	αλλ	G235	CONJ	ἀλλά	P	V	C	Punctuation-P	P-V-C-P	None	1	0	0	1	1	0	1
166	248	Mat 	9	13	16	ἀλλʼ	αλλ'	αλλ	G235	CONJ	ἀλλά	P	V	C	Punctuation-P	P-V-C-P	None	1	0	0	1	1	0	1
167	249	Mat 	9	14	14	ηένο	νηστενομεν	νηστευομεν	G3522	V-PAI-1P	νηστεύω	C	E		Spelling-X	C-E--X	None	0	1	1	0	0	0	1
168	250	Mat 	9	15	13	ἐφʼὅσο	εφ'οσον	εφ	G1909	PREP	ἐπί	C	E	C	Spacing-Y	C-E-C-Y	None	0	1	1	0	1	0	1
169	250	Mat 	9	15	14	μεʼ	μετ'	μετ	G3326	PREP	μετά	PC	V	C	Punctuation-P	PC-V-C-P	None	1	1	0	1	1	0	1
170	250	Mat 	9	15	22	ὅτʼἃ	οτ'αν	οταν	G3752	CONJ	ὅταν	PC	V		Spelling-X	PC-V--X	None	1	1	0	1	0	0	1
171	250	Mat 	9	15	24	ἀπʼ	απ'	απ	G575	PREP	ἀπό	PC	V		Punctuation-P	PC-V--P	None	1	1	0	1	0	0	1
172	250	Mat 	9	15	30	ηέυσυσι	νηστευσυσιν	νηστευσουσιν	G3522	V-FAI-3P	νηστεύω	C	E		Spelling-X	C-E--X	None	0	1	1	0	0	0	1
173	253	Mat 	9	18	23	ἐϖ̓ἀυ	επ̓αυτην	επ	G1909	PREP	ἐπί	C	E		Spacing-Y	C-E--Y	None	0	1	1	0	0	0	1
174	255	Mat 	9	20	4	ἁιμαρροσα	αιμαρροουσα	αιμορροουσα	G131	V-PAP-NSF	αἱμορῥέω	C	E		Spelling-X	C-E--X	None	0	1	1	0	0	0	1
175	255	Mat 	9	20	11	κρααίδ	κρασπαιδου	κρασπεδου	G2899	N-GSN	κράσπεδον	PC	V	CI	Spelling-X	PC-V-CI-X	None	1	1	0	1	1	1	1
176	256	Mat 	9	21	9	ἷματίσυ	ιματισυ	ιματιου	G2440	N-GSN	ἱμάτιον	C	E		Spelling-X	C-E--X	None	0	1	1	0	0	0	1
177	257	Mat 	9	22	4	ἐϖαφεὶς	επστραφεις	επιστραφεις	G1994	V-2APP-NSM	ἐπιστρέφω	C	E		Spelling-X	C-E--X	None	0	1	1	0	0	0	1
178	257	Mat 	9	22	14	σέσωκέ	σεσωκεν	σεσωκεν	G4982	V-RAI-3S	σώζω	PC	V		None	PC-V--e	None	1	1	0	1	0	0	1
179	260	Mat 	9	25	7	ἐκράτησε	εκρατησεν	εκρατησε	G2902	V-AAI-3S	κρατέω	PC	V		Spelling-X	PC-V--X	None	1	1	0	1	0	0	1
180	263	Mat 	9	28	9	τοφλοί	τοφλοι	τυφλοι	G5185	A-NPM	τυφλός	C	E		Spelling-X	C-E--X	None	0	1	1	0	0	0	1
181	266	Mat 	9	31	4	διεφήμησα	διεφημησαν	διεφημισαν	G1310	V-AAI-3P	διαφημίζω	PC	V		Spelling-X	PC-V--X	None	1	1	0	1	0	0	1
182	270	Mat 	9	35	23	ϑεραπένω	θεραπενων	θεραπευων	G2323	V-PAP-NSM	θεραπεύω	PC	V		Spelling-X	PC-V--X	None	1	1	0	1	0	0	1
183	271	Mat 	9	36	5	ἐλαγχήη	εσπλαγχνησθη	εσπλαγχνισθη	G4697	V-AOI-3S	σπλαγχνίζομαι	PC	V		Spelling-X	PC-V--X	None	1	1	0	1	0	0	1
184	275	Mat 	10	2	12	λεγόμος	λεγομμενος	λεγομενος	G3004	V-PPP-NSM	λέγω	C	E		Spelling-X	C-E--X	None	0	1	1	0	0	0	1
185	275	Mat 	10	2	19	ἰάλωϐος	ιαλωβος	ιακωβος	G2385	N-NSM	Ἰάκωβος	C	E		Spelling-X	C-E--X	None	0	1	1	0	0	0	1
186	276	Mat 	10	3	17	θαδδtος	θαδδtαιος	θαδδαιος	G2280	N-NSM	Θαδδαῖος	C	E		Spelling-X	C-E--X	None	0	1	1	0	0	0	1
187	278	Mat 	10	5	18	σαμαριῶ	σαμαριτων	σαμαρειτων	G4541	N-GPM	Σαμαρείτης	PC	V		Spelling-X	PC-V--X	None	1	1	0	1	0	0	1
188	279	Mat 	10	6	10	ἰοραὴλ	ιοραηλ	ισραηλ	G2474	N-PRI	Ἰσραήλ	C	E		Spelling-X	C-E--X	None	0	1	1	0	0	0	1
189	281	Mat 	10	8	11	δωρεὰμ	δωρεαμ	δωρεαν	G1432	ADV	δωρεάν	C	E		Spelling-X	C-E--X	None	0	1	1	0	0	0	1
190	282	Mat 	10	9	2	κτύσῃε	κτυσησθε	κτησησθε	G2932	V-ADS-2P	κτάομαι	C	E		Spelling-X	C-E--X	None	0	1	1	0	0	0	1
191	283	Mat 	10	10	17	ροφῆς	πρροφης	τροφης	G5160	N-GSF	τροφή	C	E		Spelling-X	C-E--X	None	0	1	1	0	0	0	1
192	284	Mat 	10	11	3	δʼ	δ'	δ	G1161	CONJ	δέ	PC	V		Punctuation-P	PC-V--P	None	1	1	0	1	0	0	1
193	286	Mat 	10	13	12	ἐϖ͗ἀυ	επ'αυτην	επ	G1909	PREP	ἐπί	C	E		Spacing-Y	C-E--Y	None	0	1	1	0	0	0	1
194	287	Mat 	10	14	14	ὁικαίς	οικαις	οικιας	G3614	N-GSF	οἰκία	C	E		Spelling-X	C-E--X	None	0	1	1	0	0	0	1
195	288	Mat 	10	15	9	γομόῤῥη	γομορρουη	γομορρων	G1116	N-GPN	Γόμορῥα	C	E		Spelling-X	C-E--X	None	0	1	1	0	0	0	1
196	289	Mat 	10	16	11		υν	ουν	G3767	CONJ	οὖν	C	E		Spelling-X	C-E--X	None	0	1	1	0	0	0	1
197	290	Mat 	10	17	1	oσέχετε	πρoσεχετε	προσεχετε	G4337	V-PAM-2P	προσέχω	C	E		Translation-T	C-E--T	None	0	1	1	0	0	0	1
198	292	Mat 	10	19	1	ὅ	οτ᾽	οταν	G3752	CONJ	ὅταν	C	E		Spacing-Y	C-E--Y	None	0	1	1	0	0	0	1
199	296	Mat 	10	23	1	ὅτ͗ἂ	οτ'αν	οταν	G3752	CONJ	ὅταν	PC	V		Punctuation-P	PC-V--P	None	1	1	0	1	0	0	1
200	300	Mat 	10	27	6	σκοεΐᾳ	σκοτεια	σκοτια	G4653	N-DSF	σκοτία	PC	V		Spelling-X	PC-V--X	None	1	1	0	1	0	0	1
201	300	Mat 	10	27	20	δομάτω	δοματων	δωματων	G1430	N-GPN	δῶμα	PC	V		Spelling-X	PC-V--X	None	1	1	0	1	0	0	1
202	301	Mat 	10	28	6	ἀοκτενότω	αποκτενοντων	αποκτεινοντων	G615	V-PAP-GPM	ἀποκτείνω	PC	V		Spelling-X	PC-V--X	None	1	1	0	1	0	0	1
203	301	Mat 	10	28	15	φοϐήη	φοβηξητε	φοβηθητε	G5399	V-AOM-2P	φοβέω	C	E		Spelling-X	C-E--X	None	0	1	1	0	0	0	1
204	302	Mat 	10	29	5	ωλτ	πωλειταις	πωλειται	G4453	V-PPI-3S	πωλέω	C	E		Spelling-X	C-E--X	None	0	1	1	0	0	0	1
205	304	Mat 	10	31	3	φοϐκθτε	φοβκθητε	φοβηθητε	G5399	V-AOM-2P	φοβέω	PC	V	C	Printing-Z	PC-V-C-Z	None	1	1	0	1	1	0	1
206	306	Mat 	10	33	2	τἂ	ταν	αν	G302	PRT	ἄν	PC	V	CI	Translation-T	PC-V-CI-T	None	1	1	0	1	1	1	1
207	307	Mat 	10	34	6	ἐρ	ερηνην	ειρηνην	G1515	N-ASF	εἰρήνη	C	E		Spelling-X	C-E--X	None	0	1	1	0	0	0	1
208	320	Mat 	11	5	2	ἀναβλέουσι	αναβλεπουσιν	αναβλεπουσι	G308	V-PAI-3P	ἀναβλέπω	PC	V	I	Spelling-X	PC-V-I-X	None	1	1	0	1	0	1	1
209	325	Mat 	11	10	9	ἀοέω	αποοστελλω	αποστελλω	G649	V-PAI-1S	ἀποστέλλω	C	E		Spelling-X	C-E--X	None	0	1	1	0	0	0	1
210	326	Mat 	11	11	5	ἐγεὶγερτ	εγειγερται	εγηγερται	G1453	V-RPI-3S	ἐγείρω	PC	V		Spelling-X	PC-V--X	None	1	1	0	1	0	0	1
211	332	Mat 	11	17	3	ἠυλίσα	ηυλισαμεν	ηυλησαμεν	G832	V-AAI-1P	αὐλέω	PC	V		Spelling-X	PC-V--X	None	1	1	0	1	0	0	1
212	336	Mat 	11	21	3	χοραζεὶ	χοραζειν	χοραζιν	G5523	N-PRI	Χοραζίν	PC	V	I	Spelling-X	PC-V-I-X	None	1	1	0	1	0	1	1
213	338	Mat 	11	23	11	καταβϊβαήσκ	καταβιβασθησκ	καταβιβασθηση	G2601	V-FPI-2S	καταβιβάζω	C	E		Spelling-X	C-E--X	None	0	1	1	0	0	0	1
214	344	Mat 	11	29	5	ἐφʼ	εφ'	εφ	G1909	PREP	ἐπί	PC	V		Punctuation-P	PC-V--P	None	1	1	0	1	0	0	1
215	344	Mat 	11	29	9	ἀϖʼ	απ'	απ	G575	PREP	ἀπό	PC	V		Punctuation-P	PC-V--P	None	1	1	0	1	0	0	1
216	347	Mat 	12	2	14	ἔξ	εξεξν	εξεστιν	G1832	V-PQI-3S	ἔξεστι	C	E		Translation-T	C-E--T	None	0	1	1	0	0	0	1
217	348	Mat 	12	3	14	μετʼ	μετ'	μετ	G3326	PREP	μετά	PC	V	C	Punctuation-P	PC-V-C-P	None	1	1	0	1	1	0	1
218	349	Mat 	12	4	22	μεʼ	μετ'	μετ	G3326	PREP	μετά	PC	V	C	Punctuation-P	PC-V-C-P	None	1	1	0	1	1	0	1
219	349	Mat 	12	4	24	ἐιμὴ	ειμη	ει	G1488	V-PXI-2S	εἰμί	C	E		Spacing-Y	C-E--Y	None	0	1	1	0	0	0	1
220	349	Mat 	12	4	26	ἱερεῦσιν	ιερευσιν	ιερευσι	G2409	N-DPM	ἱερεύς	PC	V	I	Spelling-X	PC-V-I-X	None	1	1	0	1	0	1	1
221	350	Mat 	12	5	16	βεβηλοῦσι	βεβηλουσιν	βεβηλουσι	G953	V-PAI-3P	βεβηλόω	PC	V		Spelling-X	PC-V--X	None	1	1	0	1	0	0	1
222	357	Mat 	12	12	1	πώσῳ	πωσω	ποσω	G4214	Q-DSN	πόσος	PC	V	C	Spelling-X	PC-V-C-X	None	1	1	0	1	1	0	1
223	358	Mat 	12	13	10	έτεινε	εξετεινεν	εξετεινε	G1614	V-AAI-3S	ἐκτείνω	PC	V		Spelling-X	PC-V--X	None	1	1	0	1	0	0	1
224	358	Mat 	12	13	12	ἀοκαάη	αποκατασθη	απο	None	None	None				None	---e	None	0	0	0	0	0	0	1
225	359	Mat 	12	14	6	ἔλα	ελα	ελαβον	G2983	V-2AAI-3P	λαμβάνω	C	E		Spacing-Y	C-E--Y	None	0	1	1	0	0	0	1
226	359	Mat 	12	14	7	βο	βον	ελαβον	G2983	V-2AAI-3P	λαμβάνω	C	E		Spacing-Y	C-E--Y	None	0	1	1	0	0	0	1
227	359	Mat 	12	14	8	κατʼ	κατ'	κατ	G2596	PREP	κατά	PC	V	C	Spelling-X	PC-V-C-X	None	1	1	0	1	1	0	1
228	363	Mat 	12	18	20	ἐπʼ	επ'	επ	G1909	PREP	ἐπί	PC	V		Diacritic-D	PC-V--D	None	1	1	0	1	0	0	1
229	367	Mat 	12	22	2	οσκηνέ	προσκηνε	προσηνεχθη	G4374	V-API-3S	προσφέρω	C	E		Spacing-Y	C-E--Y	None	0	1	1	0	0	0	1
230	367	Mat 	12	22	3	χθη	χθη	προσηνεχθη	G4374	V-API-3S	προσφέρω	C	E		Spacing-Y	C-E--Y	None	0	1	1	0	0	0	1
231	369	Mat 	12	24	8	ἐκϐάὰ	εκβαλλειτα	εκβαλλει	G1544	V-PAI-3S	ἐκβάλλω	C	E		Spacing-Y	C-E--Y	None	0	1	1	0	0	0	1
232	369	Mat 	12	24	10	ἐιμὴ	ειμη	ει	G1488	V-PXI-2S	εἰμί	C	E		Spacing-Y	C-E--Y	None	0	1	1	0	0	0	1
233	370	Mat 	12	25	13	καθʼ	καθ'	καθ	G2596	PREP	κατά	PC	V		Punctuation-P	PC-V--P	None	1	1	0	1	0	0	1
234	370	Mat 	12	25	22	καθʼ	καθ'	καθ	G2596	PREP	κατά	PC	V		Punctuation-P	PC-V--P	None	1	1	0	1	0	0	1
235	371	Mat 	12	26	9	ἐφʼ	εφ'	εφ	G1909	PREP	ἐπί	PC	V		Punctuation-P	PC-V--P	None	1	1	0	1	0	0	1
236	373	Mat 	12	28	11	ἐφʼ	εφ'	εφ	G1909	PREP	ἐπί	PC	V		Punctuation-P	PC-V--P	None	1	1	0	1	0	0	1
237	375	Mat 	12	30	4	με	μετ᾽	μετ	G3326	PREP	μετά	PC	V		Punctuation-P	PC-V--P	None	1	1	0	1	0	0	1
238	375	Mat 	12	30	6	καʼ	κατ'	κατ	G2596	PREP	κατά	PC	V	C	Spelling-X	PC-V-C-X	None	1	1	0	1	1	0	1
239	375	Mat 	12	30	13	με	μετ᾽	μετ	G3326	PREP	μετά	PC	V		Punctuation-P	PC-V--P	None	1	1	0	1	0	0	1
240	377	Mat 	12	32	14	δʼ	δ'	δ	G1161	CONJ	δέ	PC	V		Punctuation-P	PC-V--P	None	1	1	0	1	0	0	1
241	387	Mat 	12	42	24	σολομῶνος	σολομωνος	σολομωντος	G4672	N-GSM	Σολομών	PC	V		Spelling-X	PC-V--X	None	1	1	0	1	0	0	1
242	387	Mat 	12	42	27	πλσ	πλεισν	πλειον	G4119	A-ASN-C	πλείων	C	E		Spelling-X	C-E--X	None	0	1	1	0	0	0	1
243	387	Mat 	12	42	28	σολομῶος	σολομωνος	σολομωντος	G4672	N-GSM	Σολομών	PC	V		Spelling-X	PC-V--X	None	1	1	0	1	0	0	1
244	388	Mat 	12	43	1	Οτʼ	οτ'	οταν	G3752	CONJ	ὅταν	C	E		Translation-T	C-E--T	None	0	1	1	0	0	0	1
245	388	Mat 	12	43	12	δʼι	δ'ι	δι	G1223	PREP	διά	PC	V	C	Punctuation-P	PC-V-C-P	atypical apostrophe on δ intead of ι	1	1	0	1	1	0	1
246	388	Mat 	12	43	18	ὀυχʼ	ουχ'	ουχ	G3756	PRT-N	οὐ	PC	V	I	Punctuation-P	PC-V-I-P	None	1	1	0	1	0	1	1
247	390	Mat 	12	45	5	μεθʼ	μεθ'	μεθ	G3326	PREP	μετά	P	EV	C	Spelling-X	None		1	0	1	1	1	0	1
248	390	Mat 	12	45	10	οηρότερα	ονηροτερα	πονηροτερα	G4191	A-APN-C	πονηρότερος	C	E		Spelling-X	C-E--X	None	0	1	1	0	0	0	1
249	391	Mat 	12	46	9	μηὴρ	μητοηρ	μητηρ	G3384	N-NSF	μήτηρ	C	E		Spelling-X	C-E--X	None	0	1	1	0	0	0	1
250	394	Mat 	12	49	17	ἀδελεφοὶ	αδελεφοι	αδελφοι	G80	N-NPM	ἀδελφός	C	E		Spelling-X	C-E--X	None	0	1	1	0	0	0	1
251	395	Mat 	12	50	12	ὀρανοῖς	ορανοις	ουρανοις	G3772	N-DPM	οὐρανός	C	E		Spelling-X	C-E--X	None	0	1	1	0	0	0	1
252	397	Mat 	13	2	6	ϖοὶ	πολλι	πολ	None	None	None				None	None	None	0	0	0	0	0	0	1
253	397	Mat 	13	2	21	ἑήκ	εστηκει	ειστηκει	G2476	V-LAI-3S	ἵστημι	PC	V		Spelling-X	PC-V--X	None	1	1	0	1	0	0	1
254	400	Mat 	13	5	14	ανέτλε	εξανετειλεν	εξανετειλε	G1816	V-AAI-3S	ἐξανατέλλω	PC	V	I	Spelling-X	PC-V-I-X	None	1	1	0	1	0	1	1
255	402	Mat 	13	7	8	ἀνέϐησε	ανεβησεν	ανεβησαν	G305	V-2AAI-3P	ἀναβαίνω	PC	V		Spelling-X	PC-V--X	None	1	1	0	1	0	0	1
256	406	Mat 	13	11	9	γνεῶαι	γνεωναι	γνωναι	G1097	V-2AAN	γινώσκω	C	E		Spelling-X	C-E--X	None	0	1	1	0	0	0	1
257	407	Mat 	13	12	16	ἀϖʼ	απ'	απ	G575	PREP	ἀπό	PC	V		Punctuation-P	PC-V--P	None	1	1	0	1	0	0	1
258	409	Mat 	13	14	3	ἐϖʼ	επ'	επ	G1909	PREP	ἐπί	PC	V		Diacritic-D	PC-V--D	None	1	1	0	1	0	0	1
259	409	Mat 	13	14	6	εφητεία	πρεφητεια	προφητεια	G4394	N-NSF	προφητεία	C	E		Spelling-X	C-E--X	None	0	1	1	0	0	0	1
260	410	Mat 	13	15	31	ἐϖιρέψωσι	επιστρεψωσιν	επιστρεψωσι	G1994	V-AAS-3P	ἐπιστρέφω	PC	V		Spelling-X	PC-V--X	None	1	1	0	1	0	0	1
261	416	Mat 	13	21	6	ἑαν	εαντω	εαυτω	G1438	F-3DSM	ἑαυτού	C	E		Spelling-X	C-E--X	None	0	1	1	0	0	0	1
262	416	Mat 	13	21	19	οκανδαλΐζετ	οκανδαλιζεται	σκανδαλιζεται	G4624	V-PPI-3S	σκανδαλίζω	C	E		Spelling-X	C-E--X	None	0	1	1	0	0	0	1
263	419	Mat 	13	24	6	ὁμοιώη	ομοιωθη	ωμοιωθη	G3666	V-API-3S	ὁμοιόω	PC	V		Spelling-X	PC-V--X	None	1	1	0	1	0	0	1
264	420	Mat 	13	25	7	ἦολθε	ηολθεν	ηλθεν	G2064	V-2AAI-3S	ἔρχομαι	C	E		Spelling-X	C-E--X	None	0	1	1	0	0	0	1
265	423	Mat 	13	28	8	ἐοίμσε	εποιμσεν	εποιησεν	G4160	V-AAI-3S	ποιέω	C	E		Spelling-X	C-E--X	None	0	1	1	0	0	0	1
266	425	Mat 	13	30	2	ἀυξάνε	αυξανεσθαι	συναυξανεσθαι	G4885	V-PPN	συναυξάνω	PC	V		Spelling-X	PC-V--X	None	1	1	0	1	0	0	1
267	425	Mat 	13	30	31	σάγετε	συναγετε	συναγαγετε	G4863	V-2AAM-2P	συνάγω	PC	V	C	Spelling-X	PC-V-C-X	None	1	1	0	1	1	0	1
268	427	Mat 	13	32	2	μικρώτερο	μικρωτερον	μικροτερον	G3398	A-NSN-C	μικρός	PC	V		Spelling-X	PC-V--X	None	1	1	0	1	0	0	1
269	427	Mat 	13	32	8	ὅα	οτ᾽αν	οταν	G3752	CONJ	ὅταν	PC	V	C	Punctuation-P	PC-V-C-P	None	1	1	0	1	1	0	1
270	428	Mat 	13	33	15	ἕκρυψε	εκρυψεν	ενεκρυψεν	G1470	V-AAI-3S	ἐγκρύπτω	PC	V		Spelling-X	PC-V--X	None	1	1	0	1	0	0	1
271	439	Mat 	13	44	14	ἑρὼ	ερων	ευρων	G2147	V-2AAP-NSM	εὑρίσκω	C	E		Spelling-X	C-E--X	None	0	1	1	0	0	0	1
272	439	Mat 	13	44	16	ἔκρυψε	εκρυψεν	ενεκρυψεν	G1470	V-AAI-3S	ἐγκρύπτω	PC	V		Spelling-X	PC-V--X	None	1	1	0	1	0	0	1
273	443	Mat 	13	48	14	ἄη	αγγη	αγγεια	G30	N-APN	ἀγγεῖον	PC	V		Spelling-X	PC-V--X	None	1	1	0	1	0	0	1
274	444	Mat 	13	49	1	ὅτως	οτως	ουτως	G3779	ADV	οὕτω	C	E		Spelling-X	C-E--X	None	0	1	1	0	0	0	1
275	444	Mat 	13	49	12	ἀφοριοῦσι	αφοριουσιν	αφοριουσι	G873	V-FAI-3P-ATT	ἀφορίζω	PC	V	I	Spelling-X	PC-V-I-X	None	1	1	0	1	0	1	1
276	449	Mat 	13	54	7	δα	δα	πατριδα	G3968	N-ASF	πατρίς	C	E		Spacing-Y	C-E--Y	None	0	1	1	0	0	0	1
277	449	Mat 	13	54	17	πλήε	πληπτεσθαι	εκπληττεσθαι	G1605	V-PPN	ἐκπλήσσω	PC	V		Spacing-Y	PC-V--Y	" shows ἐκ πλήε
TR shows ἐκπλήττεσθαι"	1	1	0	1	0	0	1
278	450	Mat 	13	55	1	ὀυχ͗	ουχ'	ουχ	G3756	PRT-N	οὐ	PC	V	I	Punctuation-P	PC-V-I-P	None	1	1	0	1	0	1	1
279	451	Mat 	13	56	5	ὀυχὶπᾶσ	ουχιπασαι	ουχι	G3780	PRT-I	οὐχί	C	E		Spacing-Y	C-E--Y	None	0	1	1	0	0	0	1
280	455	Mat 	14	2	22	εργοῦσι	εργουσιν	ενεργουσιν	G1754	V-PAI-3P	ἐνεργέω	C	E		Spacing-Y	C-E--Y	None	0	1	1	0	0	0	1
281	459	Mat 	14	6	3	ἀγοοις	αγομενοις	αγομενων	G71	V-PPP-GPM	ἄγω	PC	V	I	Spelling-X	PC-V-I-X	None	1	1	0	1	0	1	1
282	460	Mat 	14	7	2	μεθʼὄρκου	μεθ'ορκου	μεθ	G3326	PREP	μετά	C	E		Spacing-Y	C-E--Y	None	0	1	1	0	0	0	1
283	463	Mat 	14	10	3	ἀπεκεφάλησεν	απεκεφαλησεν	απεκεφαλισεν	G607	V-AAI-3S	ἀποκεφαλίζω	PC	V		Spelling-X	PC-V--X	None	1	1	0	1	0	0	1
284	466	Mat 	14	13	12	κα	κατ᾽	κατ	G2596	PREP	κατά	P	V	CI	Punctuation-P	P-V-CI-P	None	1	0	0	1	1	1	1
285	467	Mat 	14	14	10	ἐπʼ	επ'	επ	G1909	PREP	ἐπί	PC	V		Diacritic-D	PC-V--D	None	1	1	0	1	0	0	1
286	470	Mat 	14	17	3	λέγουσοι	λεγουσοιν	λεγουσιν	G3004	V-PAI-3P	λέγω	C	E		Spelling-X	C-E--X	None	0	1	1	0	0	0	1
287	470	Mat 	14	17	8	ἐιμὴ	ειμη	ει	G1488	V-PXI-2S	εἰμί	C	E		Spacing-Y	C-E--Y	None	0	1	1	0	0	0	1
288	470	Mat 	14	17	9	πέιε	πειτε	πεντε	G4002	A-NUI	πέντε	C	E		Spelling-X	C-E--X	None	0	1	1	0	0	0	1
289	476	Mat 	14	23	9	κα	κατ᾽	κατ	G2596	PREP	κατά	P	V	CI	Punctuation-P	P-V-CI-P	None	1	0	0	1	1	1	1
290	479	Mat 	14	26	19	ἔχραξα	εχραξαν	εκραξαν	G2896	V-AAI-3P	κράζω	C	E		Spelling-X	C-E--X	None	0	1	1	0	0	0	1
291	480	Mat 	14	27	12	φοϐῆε	φοβησθε	φοβεισθε	G5399	V-PNM-2P	φοβέω	PC	V	C	Spelling-X	PC-V-C-X	None	1	1	0	1	1	0	1
292	482	Mat 	14	29	12	περιεάτησι	περιεπατησιν	περιεπατησεν	G4043	V-AAI-3S	περιπατέω	C	E		Spelling-X	C-E--X	None	0	1	1	0	0	0	1
293	487	Mat 	14	34	7	γεννησαρέθ	γεννησαρεθ	γεννησαρετ	G1082	N-PRI	Γεννησαρέτ	PC	V		Spelling-X	PC-V--X	None	1	1	0	1	0	0	1
294	491	Mat 	15	2	6	παραϐνουσι	παραβαινουσιν	παραβαινουσι	G3845	V-PAI-3P	παραβαίνω	PC	V		Spelling-X	PC-V--X	None	1	1	0	1	0	0	1
295	491	Mat 	15	2	10	εσϐυέρω	πρεσειβυτερων	πρεσβυτερων	G4245	A-GPM	πρεσβύτερος	C	E		Spelling-X	C-E--X	None	0	1	1	0	0	0	1
296	492	Mat 	15	3	13	τολ	τολην	εντολιν	G1785	N-NPF	ἐντολή	C	E	C	Spacing-Y	C-E-C-Y	None	0	1	1	0	1	0	1
297	495	Mat 	15	6	2	ὀυμὴ	ουμη	ου	G3739	R-GSM	ὅς	C	E		Spacing-Y	C-E--Y	None	0	1	1	0	0	0	1
298	497	Mat 	15	8	20	ἀϖʼ	απ'	απ	G575	PREP	ἀπό	PC	V		Punctuation-P	PC-V--P	None	1	1	0	1	0	0	1
299	501	Mat 	15	12	15	ἐσκἀνδαλήησα	εσκανδαλησθησαν	εσκανδαλισθησαν	G4624	V-API-3P	σκανδαλίζω	PC	V		Spelling-X	PC-V--X	None	1	1	0	1	0	0	1
300	503	Mat 	15	14	12	ἀμφό	αμφο	αμφοτεροι	G297	A-NPM	ἀμφότερος	C	E		Spacing-Y	C-E--Y	None	0	1	1	0	0	0	1
301	503	Mat 	15	14	13	τεροι	τεροι	αμφοτεροι	G297	A-NPM	ἀμφότερος	C	E		Spelling-X	C-E--X	None	0	1	1	0	0	0	1
302	506	Mat 	15	17	7	ἐιτ	ειστ	εις	G1519	PREP	εἰς	PC	V	CI	Spacing-Y	PC-V-CI-Y	" shows ἐιτ ο
TR shows εἰς τὸ"	1	1	0	1	1	1	1
303	511	Mat 	15	22	4	κα	καναναια	χαναναια	G5478	A-NSF	Χανααναίος	PC	V		Spelling-X	PC-V--X	None	1	1	0	1	0	0	1
304	516	Mat 	15	27	13	ψυχίω	ψυχιων	ψιχιων	G5589	N-GPN	ψιχίον	PC	V		Spelling-X	PC-V--X	None	1	1	0	1	0	0	1
305	519	Mat 	15	30	8	μεϑʼ	μεθ'	μεθ	G3326	PREP	μετά	P	EV	C	Spelling-X	None		1	0	1	1	1	0	1
306	521	Mat 	15	32	17	οσουσί	προσμενουσιν	προσμενουσι	G4357	V-PAI-3P	προσμένω	PC	V	I	Spelling-X	PC-V-I-X	None	1	1	0	1	0	1	1
307	525	Mat 	15	36	3	οὺς	τοους	τους	G3588	T-APM	ὁ	PC	V		Spelling-X	PC-V--X	None	1	1	0	1	0	0	1
308	525	Mat 	15	36	21	ὄκλῳ	οκλω	οχλω	G3793	N-DSM	ὄχλος	C	E		Spelling-X	C-E--X	None	0	1	1	0	0	0	1
309	527	Mat 	15	38	4	ἦσαντετρακι	ησαντετρακις	ησαν	G2258	V-IXI-3P	εἰμί	C	E		Spacing-Y	C-E--Y	None	0	1	1	0	0	0	1
310	527	Mat 	15	38	5	ίλιοι	σχιλιοι	τετρακισχιλιοι	G5070	A-NPM	τετρακισχίλιοι	C	E		Spacing-Y	C-E--Y	None	0	1	1	0	0	0	1
311	532	Mat 	16	4	12	ἐιμὴ	ειμη	ει	G1488	V-PXI-2S	εἰμί	PC	V		Spacing-Y	PC-V--Y	" shows ἐιμὴ
TR shows ἐι μὴ"	1	1	0	1	0	0	1
312	534	Mat 	16	6	9	ἀό	αποο	απο	G575	PREP	ἀπό	C	E		Spelling-X	C-E--X	None	0	1	1	0	0	0	1
313	534	Mat 	16	6	13	φαριω	φαριαιων	φαρισαιων	G5330	N-GPM	Φαρισαῖος	C	E		Spelling-X	C-E--X	None	0	1	1	0	0	0	1
314	539	Mat 	16	11	3	ν	νειτε	νοειτε	G3539	V-PAI-2P	νοιέω	C	E		Spelling-X	C-E--X	None	0	1	1	0	0	0	1
315	545	Mat 	16	17	17	ἀεκάλυψέ	απεκαλυψεν	απεκαλυψε	G601	V-AAI-3S	ἀποκαλύπτω	PC	V	I	Spelling-X	PC-V-I-X	None	1	1	0	1	0	1	1
316	545	Mat 	16	17	19	ἁλλʼ	αλλ'	αλλ	G235	CONJ	ἀλλά	P	V	C	Punctuation-P	P-V-C-P	None	1	0	0	1	1	0	1
317	545	Mat 	16	17	26	ὀυρῖς	ουρανις	ουρανοις	G3772	N-DPM	οὐρανός	C	E		Spelling-X	C-E--X	None	0	1	1	0	0	0	1
318	547	Mat 	16	19	33	θυροῖς	θυρανοις	ουρανοις	G3772	N-DPM	οὐρανός	C	E		Spelling-X	C-E--X	None	0	1	1	0	0	0	1
319	553	Mat 	16	25	12	δʼ	δ'	δ	G1161	CONJ	δέ	PC	V		Punctuation-P	PC-V--P	None	1	1	0	1	0	0	1
320	553	Mat 	16	25	14	ἀλήσῃ	αποληση	απολεση	G622	V-AAS-3S	ἀπόλλυμι	PC	V		Spelling-X	PC-V--X	None	1	1	0	1	0	0	1
321	554	Mat 	16	26	3	ὠφεληθήσετ	ωφεληθησεται	ωφελειται	G5623	V-PPI-3S	ὠφελέω	PC	V	C	Spelling-X	PC-V-C-X	None	1	1	0	1	1	0	1
322	555	Mat 	16	27	6	ἀνϐθρώπου	ανβθρωπου	ανθρωπου	G444	N-GSM	ἄνθρωπος	C	E		Spelling-X	C-E--X	None	0	1	1	0	0	0	1
323	557	Mat 	17	1	2	μεϑʼ	μεθ'	μεθ	G3326	PREP	μετά	P	EV	C	Spelling-X	None		1	0	1	1	1	0	1
324	557	Mat 	17	1	23	καʼ	κατ'	κατ	G2596	PREP	κατά	PC	V	C	Spelling-X	PC-V-C-X	None	1	1	0	1	1	0	1
325	558	Mat 	17	2	2	ρ	ειρ	ειρ	None	None	None	C	E		Addition-A	C-E--A	None	0	1	1	0	0	0	1
326	558	Mat 	17	2	7	ἔαμψε	ελλαμψεν	ελαμψεν	G2989	V-AAI-3S	λάμπω	PC	V		Spelling-X	PC-V--X	None	1	1	0	1	0	0	1
327	558	Mat 	17	2	18	ἐοετο	εγενοετο	εγενετο	G1096	V-2ADI-3S	γίνομαι	C	E		Spelling-X	C-E--X	None	0	1	1	0	0	0	1
328	559	Mat 	17	3	8	με	μετ᾽	μετ	G3326	PREP	μετά	PC	V		Punctuation-P	PC-V--P	None	1	1	0	1	0	0	1
329	561	Mat 	17	5	7	ἐπισκίασε	επισκιασεν	επεσκιασεν	G1982	V-AAI-3S	ἐπισκιάζω	C	E		Spelling-X	C-E--X	None	0	1	1	0	0	0	1
330	566	Mat 	17	10	11	αματς	γραματεις	γραμματεις	G1122	N-APM	γραμματεύς	PC	V		Spelling-X	PC-V--X	None	1	1	0	1	0	0	1
331	567	Mat 	17	11	9	ἔρχεε	ερχετε	ερχεται	G2064	V-PNI-3S	ἔρχομαι	PC	V	I	Spelling-X	PC-V-I-X	None	1	1	0	1	0	1	1
332	568	Mat 	17	12	9	ὀνκ	ονκ	ουκ	G3756	PRT-N	οὐ	C	E		Spelling-X	C-E--X	None	0	1	1	0	0	0	1
333	568	Mat 	17	12	12	ἀλλʼ	αλλ'	αλλ	G235	CONJ	ἀλλά	P	V	C	Punctuation-P	P-V-C-P	None	1	0	0	1	1	0	1
334	568	Mat 	17	12	26	ὑϖʼ	υπ'	υπ	G5259	PREP	ὑπό	P	V	C	Diacritic-D	P-V-C-D	None	1	0	0	1	1	0	1
335	573	Mat 	17	17	10	διεύαμη	διευστραμμενη	διεστραμμενη	G1294	V-RPP-NSF	διαστρέφω	C	E		Spelling-X	C-E--X	None	0	1	1	0	0	0	1
336	573	Mat 	17	17	14	μεϑʼ	μεθ'	μεθ	G3326	PREP	μετά	P	EV	C	Spelling-X	None		1	0	1	1	1	0	1
337	574	Mat 	17	18	8	ἀϖʼ	απ'	απ	G575	PREP	ἀπό	PC	V		Punctuation-P	PC-V--P	None	1	1	0	1	0	0	1
338	574	Mat 	17	18	13	ἑθαπέυη	εθεραπευσθη	εθεραπευθη	G2323	V-API-3S	θεραπεύω	PC	V		Spelling-X	PC-V--X	None	1	1	0	1	0	0	1
339	575	Mat 	17	19	7	καʼ	κατ'	κατ	G2596	PREP	κατά	PC	V	C	Spelling-X	PC-V-C-X	None	1	1	0	1	1	0	1
340	575	Mat 	17	19	14	ἡδήθη	ηδυνηθη-	ηδυνηθη	G1410	V-AOI-3S-ATT	δύναμαι	PC	E		Punctuation-P	PC-E--P	None	1	1	1	0	0	0	1
341	62	Mat 	3	14	17	με;	με;	με	G3165	P-1AS	μέ	C	E		Punctuation-P	C-E--P	None	0	1	1	0	0	0	1
