ID	Line	Book	Chapter	Verse	WordNum	Word	NoDiaWord	VarWord	Strong	RMAC	Lemma	VarianceForm	VarianceType	ImpactCode	ErrorCode	VarCode	Description	Preserved	Corrected	Error	Variance	Context	Inflection	Resolved
1	2	Mat 	1	2	2	ἐννσε	εγενννσεν	εγεννησεν	G1080	V-AAI-3S	γεννάω	P	V		Spelling-X	P	None	1	0	0	1	0	0	1
2	2	Mat 	1	2	7	ἐνησε	εγεννησεν	εγεννησεν	G1080	V-AAI-3S	γεννάω		V		None	-V--	None	0	0	0	1	0	0	1
3	2	Mat 	1	2	12	ἐνησε	εγεννησεν	εγεννησεν	G1080	V-AAI-3S	γεννάω							0	0	0	0	0	0	1
4	3	Mat 	1	3	3	ἐνησεν	εγεννησεν	εγεννησεν	G1080	V-AAI-3S	γεννάω							0	0	0	0	0	0	1
5	3	Mat 	1	3	14	ἐνησε	εγεννησεν	εγεννησεν	G1080	V-AAI-3S	γεννάω							0	0	0	0	0	0	1
6	3	Mat 	1	3	19	ἐνυησε	εγεννυησεν	εγεννησεν	G1080	V-AAI-3S	γεννάω	P	V		Spelling-X	P	None	1	0	0	1	0	0	1
7	4	Mat 	1	4	3	ἐνησε	εγεννησεν	εγεννησεν	G1080	V-AAI-3S	γεννάω							0	0	0	0	0	0	1
8	4	Mat 	1	4	8	ἐνησε	εγεννησεν	εγεννησεν	G1080	V-AAI-3S	γεννάω							0	0	0	0	0	0	1
9	4	Mat 	1	4	10	ναασσό	ναασσον	ναασσων	G3476	N-PRI	Ναασσών	P	V	C	Spelling-X		None	0	0	0	1	1	0	1
10	4	Mat 	1	4	11	νααὸ	ναασσον	ναασσων	G3476	N-PRI	Ναασσών	P	V	C	Spelling-X	P-V-C-X	None	1	0	0	1	1	0	1
11	4	Mat 	1	4	13	ἐνησε	εγεννησεν	εγεννησεν	G1080	V-AAI-3S	γεννάω							0	0	0	0	0	0	1
12	5	Mat 	1	5	3	ἐνησε	εγεννησεν	εγεννησεν	G1080	V-AAI-3S	γεννάω				None	None	None	0	0	0	0	0	0	1
13	5	Mat 	1	5	11	ἐνησε	εγεννησεν	εγεννησεν	G1080	V-AAI-3S	γεννάω							0	0	0	0	0	0	1
14	5	Mat 	1	5	19	ἐνησε	εγεννησεν	εγεννησεν	G1080	V-AAI-3S	γεννάω							0	0	0	0	0	0	1
15	6	Mat 	1	6	3	ἐνησε	εγεννησεν	εγεννησεν	G1080	V-AAI-3S	γεννάω							0	0	0	0	0	0	1
16	6	Mat 	1	6	12	ἐγέννησε	εγεννησεν	εγεννησεν	G1080	V-AAI-3S	γεννάω							0	0	0	0	0	0	1
17	6	Mat 	1	6	14	σολομῶνα	σολομωνα	σολομωντα	G4672	N-ASM	Σολομών	P	V	C	Spelling-X	P	None	1	0	0	1	1	0	1
18	7	Mat 	1	7	1	σαλομὼ	σαλομων	σολομων	G4672	N-NSM	Σολομών	P	V	C	Spelling-X	None	None	1	0	0	1	1	0	1
19	7	Mat 	1	7	3	ἐέννησε	εγεννησεν	εγεννησεν	G1080	V-AAI-3S	γεννάω							0	0	0	0	0	0	1
20	7	Mat 	1	7	8	ἐέννησε	εγεννησεν	εγεννησεν	G1080	V-AAI-3S	γεννάω							0	0	0	0	0	0	1
21	7	Mat 	1	7	13	ἐγέννησε	εγεννησεν	εγεννησεν	G1080	V-AAI-3S	γεννάω							0	0	0	0	0	0	1
22	8	Mat 	1	8	3	ἐγέννησε	εγεννησεν	εγεννησεν	G1080	V-AAI-3S	γεννάω							0	0	0	0	0	0	1
23	8	Mat 	1	8	8	ἐγέννησε	εγεννησεν	εγεννησεν	G1080	V-AAI-3S	γεννάω							0	0	0	0	0	0	1
24	8	Mat 	1	8	13	ἐγέννησε	εγεννησεν	εγεννησεν	G1080	V-AAI-3S	γεννάω							0	0	0	0	0	0	1
25	8	Mat 	1	8	15	σε	σεν	εγαμησεν	G1060	V-AAI-3S	γαμέω	P	V	C	Spelling-X	P	None	1	0	0	1	1	0	1
26	9	Mat 	1	9	3	ἐγέννησε	εγεννησεν	εγεννησεν	G1080	V-AAI-3S	γεννάω							0	0	0	0	0	0	1
27	9	Mat 	1	9	8	ἐγέννησε	εγεννησεν	εγεννησεν	G1080	V-AAI-3S	γεννάω							0	0	0	0	0	0	1
28	9	Mat 	1	9	13	ἐγέννησε	εγεννησεν	εγεννησεν	G1080	V-AAI-3S	γεννάω							0	0	0	0	0	0	1
29	10	Mat 	1	10	3	ἐγέννησε	εγεννησεν	εγεννησεν	G1080	V-AAI-3S	γεννάω							0	0	0	0	0	0	1
30	10	Mat 	1	10	8	ἐγέννησε	εγεννησεν	εγεννησεν	G1080	V-AAI-3S	γεννάω							0	0	0	0	0	0	1
31	10	Mat 	1	10	13	ἐνησε	εγεννησεν	εγεννησεν	G1080	V-AAI-3S	γεννάω							0	0	0	0	0	0	1
32	11	Mat 	1	11	3	ἐγέννησε	εγεννησεν	εγεννησεν	G1080	V-AAI-3S	γεννάω							0	0	0	0	0	0	1
33	12	Mat 	1	12	7	ἐγέννησε	εγεννησεν	εγεννησεν	G1080	V-AAI-3S	γεννάω							0	0	0	0	0	0	1
34	12	Mat 	1	12	12	ἐγέννησε	εγεννησεν	εγεννησεν	G1080	V-AAI-3S	γεννάω							0	0	0	0	0	0	1
35	13	Mat 	1	13	3	ἐγέννησε	εγεννησεν	εγεννησεν	G1080	V-AAI-3S	γεννάω							0	0	0	0	0	0	1
36	13	Mat 	1	13	8	ἐνησε	εγεννησεν	εγεννησεν	G1080	V-AAI-3S	γεννάω							0	0	0	0	0	0	1
37	13	Mat 	1	13	10	ἐλιακίμ	ελιακιμ	ελιακειμ	G1662	N-PRI	Ἐλιακείμ	P	V	C	Spelling-X	P-V-C-X	None	1	0	0	1	1	0	1
38	13	Mat 	1	13	11	ἐλιακὶμ	ελιακιμ	ελιακειμ	G1662	N-PRI	Ἐλιακείμ	P	V	C	Spelling-X	P-V-C-X	None	1	0	0	1	1	0	1
39	13	Mat 	1	13	13	ἐγέννησε	εγεννησεν	εγεννησεν	G1080	V-AAI-3S	γεννάω							0	0	0	0	0	0	1
40	14	Mat 	1	14	3	ἐγέννησε	εγεννησεν	εγεννησεν	G1080	V-AAI-3S	γεννάω							0	0	0	0	0	0	1
41	14	Mat 	1	14	8	ἐγέννησε	εγεννησεν	εγεννησεν	G1080	V-AAI-3S	γεννάω							0	0	0	0	0	0	1
42	14	Mat 	1	14	10	ἀχ	αχην	αχειμ	G885	N-PRI	Ἀχείμ	P	V	C	Spelling-X	None	None	1	0	0	1	1	0	1
43	14	Mat 	1	14	11	ἀχ	αχην	αχειμ	G885	N-PRI	Ἀχείμ	P	V	C	Spelling-X	None	None	1	0	0	1	1	0	1
44	14	Mat 	1	14	13	ἐγέννησε	εγεννησεν	εγεννησεν	G1080	V-AAI-3S	γεννάω							0	0	0	0	0	0	1
45	15	Mat 	1	15	3	ἐγέννησε	εγεννησεν	εγεννησεν	G1080	V-AAI-3S	γεννάω							0	0	0	0	0	0	1
46	15	Mat 	1	15	8	ἐγέννησε	εγεννησεν	εγεννησεν	G1080	V-AAI-3S	γεννάω							0	0	0	0	0	0	1
47	15	Mat 	1	15	13	ἐγέννησε	εγεννησεν	εγεννησεν	G1080	V-AAI-3S	γεννάω							0	0	0	0	0	0	1
48	16	Mat 	1	16	3	ἐγέννησε	εγεννησεν	εγεννησεν	G1080	V-AAI-3S	γεννάω							0	0	0	0	0	0	1
49	18	Mat 	1	18	9	μνηήσης	μνηστενθησης	μνηστευθεισης	G3423	V-APP-GSF	μνηστεύω	P	V		Spelling-X	P-V--X	None	1	0	0	1	0	0	1
50	18	Mat 	1	18	12	μηέρο	μητερος	μητρος	G3384	N-GSF	μήτηρ	P	V	I	Spelling-X	P-V-I-X	None	1	0	0	1	0	1	1
51	20	Mat 	1	20	8	κα	κατ᾽	κατ	G2596	PREP	κατά	P	V	CI	Punctuation-P	P-V-CI-P	None	1	0	0	1	1	1	1
52	23	Mat 	1	23	17		εστιν	εστιν	G2076	V-PXI-3S	εἰμί							0	0	0	0	0	0	1
53	23	Mat 	1	23	19	ο	μενον	μενον	G3306	V-PAP-ASN	μένω							0	0	0	0	0	0	1
54	24	Mat 	1	24	15	έλαϐε	παρελαβεν	παρελαβε	G3880	V-2AAI-3S	παραλαμβάνω	PC	V	CI	Spelling-X	PC-V-CI-X	None	1	1	0	1	1	1	1
55	25	Mat 	1	25	7	ἔκε	ετεκεν	ετεκεν	G5088	V-2AAI-3S	τίκτω							0	0	0	0	0	0	1
56	25	Mat 	1	25	14	ἐκάλεσε	εκαλεσεν	εκαλεσεν	G2564	V-AAI-3S	καλέω							0	0	0	0	0	0	1
57	27	Mat 	2	2	8	ἰουδω;	ιουδαιων;	ιουδαιων	G2453	A-GPM	Ἰουδαῖος	PC	V	C	Punctuation-P	PC-V-C-P	None	1	1	0	1	1	0	1
58	27	Mat 	2	2	20	ἀυὸ	αυτον	αυτον	G846	P-ASM	αὐτός	P	V		None	P-V--	None	1	0	0	1	0	0	1
59	28	Mat 	2	3	10	μεʼ	μετ'	μετ	G3326	PREP	μετά	PC	E	I	Punctuation-P	PC-E-I-P	None	1	1	1	0	0	1	1
60	30	Mat 	2	5	9	ὅυτως	ουτως	ουτως	G3779	ADV	οὕτω							0	0	0	0	0	0	1
61	31	Mat 	2	6	15	μοι	μοι	μοι	G3427	P-1DS	ἐγώ	P	V	C	Omission-O	P-V-C-O	TR uses γαρ instead	1	0	0	1	1	0	1
62	31	Mat 	2	6	18	ὅ	ος	ος	G3739	R-NSM	ὅς	P	V		None	P-V--	None	1	0	0	1	0	0	1
63	31	Mat 	2	6	19		τις	τις	G5101	I-NSM	τίς	P	V		None	P-V--	None	1	0	0	1	0	0	1
64	32	Mat 	2	7	7	ἡκρίϐωσε	ηκριβωσεν	ηκριβωσε	G198	V-AAI-3S	ἀκριβόω	PC	V	CI	Spelling-X	PC-V-CI-X	None	1	1	0	1	1	1	1
65	32	Mat 	2	7	13	φνα	φαιναμενου	φαινομενου	G5316	V-PEP-GSM	φαίνω	PC	V	C	Spelling-X	PC-V-C-X	 spells it φαιναμενου. TR spells it φαινομενου.	1	1	0	1	1	0	1
66	33	Mat 	2	8	6	ιπε	ειπεν	ειπεν	G2036	V-2AAI-3S	ἔπω	P	V		None	P-V--	None	1	0	0	1	0	0	1
67	33	Mat 	2	8	13	ἐϖ͗ἂ	επ'αν	επαν	G1875	CONJ	ἐπάν	PC	V	C	Spelling-X	PC-V-C-X	None	1	1	0	1	1	0	1
68	33	Mat 	2	8	21	ςσκήσω	πρσσκυνησω	προσκυνησω	G4352	V-AAS-1S	προσκυνέω	PC	EV	C	Spelling-X	PC-EV-C-X	 is clearly errant in that the word is spelled with two sigmas (ςσ) and no omicron (οσ) as a vowel as in TR.	1	1	1	1	1	0	1
69	33	Mat 	2	8	22	ἀυ	αυτον	αυτον	G846	P-ASM	αὐτός	P	V		None	P-V--	None	1	0	0	1	0	0	1
70	36	Mat 	2	11	17	ἀυὸ	αυτον	αυτον	G846	P-ASM	αὐτός	P	V		None	P-V--	None	1	0	0	1	0	0	1
71	37	Mat 	2	12	3	κα	κατ᾽	κατ	G2596	PREP	κατά	P	V	CI	Punctuation-P	P-V-CI-P	None	1	0	0	1	1	1	1
72	38	Mat 	2	13	8	καʼ	κατ'	κατ	G2596	PREP	κατά	PC	E	C	Punctuation-P	PC-E-C-P	None	1	1	1	0	1	0	1
73	39	Mat 	2	14	4	έλαϐε	παρελαβεν	παρελαβε	G3880	V-2AAI-3S	παραλαμβάνω	PC	V	CI	Spelling-X	PC-V-CI-X	None	1	1	0	1	1	1	1
74	40	Mat 	2	15	17	φροφή	φροφητου	προφητου	G4396	N-GSM	προφήτης	PC	EV	C	Spelling-X	PC-EV-C-X	 - φροφητου spelling error φ should be π TR – προφητου	1	1	1	1	1	0	1
75	41	Mat 	2	16	13	ἁνλε	ανειλεν	ανειλε	G337	V-2AAI-3S	ἀναιρέω	P	V	C	Spelling-X	P-V-C-X	None	1	0	0	1	1	0	1
76	41	Mat 	2	16	27	δυετοὺς	δυετους	διετους	G1332	A-GSM	διετής	PC	V	C	Spelling-X	PC-V-C-X	None	1	1	0	1	1	0	1
77	41	Mat 	2	16	34	ἠκρίϐωσε	ηκριβωσεν	ηκριβωσε	G198	V-AAI-3S	ἀκριβόω	PC	V	I	Spelling-X	PC-V-I-X	None	1	1	0	1	0	1	1
78	43	Mat 	2	18	18	ἠθελε	ηθελεν	ηθελεν	G2309	V-IAI-3S	θέλω							0	0	0	0	0	0	1
79	43	Mat 	2	18	22	ἐισί	εισιν	εισιν	G1526	V-PXI-3P	εἰσί							0	0	0	0	0	0	1
80	44	Mat 	2	19	8	καʼ	κατ'	κατ	G2596	PREP	κατά	PC	E	C	Punctuation-P	PC-E-C-P	None	1	1	1	0	1	0	1
81	45	Mat 	2	20	15	Τεθνήκασι	τεθνηκασιν	τεθνηκασι	G2348	V-RAI-3P	θνήσκω				Spelling-X	---X	None	0	0	0	0	0	0	1
82	46	Mat 	2	21	4	έλαϐε	παρελαβεν	παρελαβε	G3880	V-2AAI-3S	παραλαμβάνω	PC	V	CI	Spelling-X	PC-V-CI-X	None	1	1	0	1	1	1	1
83	47	Mat 	2	22	19	κα	κατ᾽	κατ	G2596	PREP	κατά	P	V	CI	Punctuation-P	P-V-CI-P	None	1	0	0	1	1	1	1
84	48	Mat 	2	23	7	ναζαρέθ	ναζαρεθ	ναζαρεθ	G3478	N-PRI	Ναζαρέθ	P	V		None	P-V--	None	1	0	0	1	0	0	1
85	50	Mat 	3	2	4	ἤικἐ	ηγγικεν	ηγγικεν	G1448	V-RAI-3S	ἐγγίζω							0	0	0	0	0	0	1
86	52	Mat 	3	4	5	ιχε	ειχεν	ειχεν	G2192	V-IAI-3S	ἔχω							0	0	0	0	0	0	1
87	54	Mat 	3	6	6	ὑϖʼ	υπ'	υπ	G5259	PREP	ὑπό	P	V	C	Diacritic-D	P-V-C-D	None	1	0	0	1	1	0	1
88	55	Mat 	3	7	24	ὀρῆς;	οργησ;	οργης	G3709	N-GSF	ὀργή	P	V		Punctuation-P	P-V--P	None	1	0	0	1	0	0	1
89	57	Mat 	3	9	21		του	του	G3588	T-GSM	ὁ	P	V		None	P-V--	None	1	0	0	1	0	0	1
90	61	Mat 	3	13	16	ὑϖʼ	υπ'	υπ	G5259	PREP	ὑπό	P	V	C	Diacritic-D	P-V-C-D	None	1	0	0	1	1	0	1
91	63	Mat 	3	15	5	ιε	ειπεν	ειπεν	G2036	V-2AAI-3S	ἔπω	P	V		None	P-V--	None	1	0	0	1	0	0	1
92	63	Mat 	3	15	10	ὅυως	ουτως	ουτως	G3779	ADV	οὕτω							0	0	0	0	0	0	1
93	64	Mat 	3	16	17	ιδε	ειδεν	ειδεν	G1492	V-2AAI-3S	εἴδω	P	V		None	P-V--	None	1	0	0	1	0	0	1
94	64	Mat 	3	16	27	ἐϖʼ	επ'	επ	G1909	PREP	ἐπί	PC	E	I	Punctuation-P	PC-E-I-P	None	1	1	1	0	0	1	1
95	66	Mat 	4	1	11	πραν	πειρασθουναι	πειρασθηναι	G3985	V-APN	πειράζω	PC	V		Spelling-X	PC-V--X	None	1	1	0	1	0	0	1
96	67	Mat 	4	2	9	ἐπείνασεν	επεινασεν	επεινασεν	G3983	V-AAI-3S	πεινάω							0	0	0	0	0	0	1
97	69	Mat 	4	4	4	ιπε	ειπεν	ειπεν	G2036	V-2AAI-3S	ἔπω	P	V		None	P-V--	None	1	0	0	1	0	0	1
98	69	Mat 	4	4	7	ἐϖʼ	επ'	επ	G1909	PREP	ἐπί	PC	E	I	Punctuation-P	PC-E-I-P	None	1	1	1	0	0	1	1
99	69	Mat 	4	4	12	ἀλλʼ	αλλ'	αλλ	G235	CONJ	ἀλλά	P	V	C	Punctuation-P	P-V-C-P	None	1	0	0	1	1	0	1
100	70	Mat 	4	5	11	ἔησε	εστησεν	εστησεν	G2476	V-AAI-3S	ἵστημι	P	V		None	P-V--	None	1	0	0	1	0	0	1
101	71	Mat 	4	6	9	βάε	βαλλε	βαλε	G906	V-2AAM-2S	βάλλω	P	V		Spelling-X	P-V--X	None	1	0	0	1	0	0	1
102	71	Mat 	4	6	24	ἀρσί	αρουσιν	αρουσιν	G142	V-FAI-3P	αἴρω							0	0	0	0	0	0	1
103	75	Mat 	4	10	7	ὀίσω	οπισω	οπισω	G3694	ADV	ὀπίσω	P	V		None	P-V--	None	1	0	0	1	0	0	1
104	75	Mat 	4	10	8	μ	μου	μου	G3450	P-1GS	ἐγώ	P	V		None	P-V--	None	1	0	0	1	0	0	1
105	78	Mat 	4	13	4	ναζαρέθ	ναζαρεθ	ναζαρεθ	G3478	N-PRI	Ναζαρέθ	P	V		None	P-V--	None	1	0	0	1	0	0	1
106	78	Mat 	4	13	15	νεφθαλὶμ	νεφθαλιμ	νεφθαλειμ	G3508	N-PRI	Νεφθαλείμ	PC	V		Spelling-X	PC-V--X	None	1	1	0	1	0	0	1
107	80	Mat 	4	15	4	νεφθαλὶμ	νεφθαλιμ	νεφθαλειμ	G3508	N-PRI	Νεφθαλείμ	PC	V		Spelling-X	PC-V--X	TR uses νεφθαλειμ	1	1	0	1	0	0	1
108	81	Mat 	4	16	7	ιδε	ειδεν	ειδεν	G1492	V-2AAI-3S	εἴδω	P	V		None	P-V--	None	1	0	0	1	0	0	1
109	82	Mat 	4	17	11	ἤικε	ηγγικεν	ηγγικεν	G1448	V-RAI-3S	ἐγγίζω							0	0	0	0	0	0	1
110	83	Mat 	4	18	10	ιδε	ειδεν	ειδεν	G1492	V-2AAI-3S	εἴδω	P	V		None	P-V--	None	1	0	0	1	0	0	1
111	95	Mat 	5	5	8	γ	γυν	γην	G1093	N-ASF	γῆ	PC	V		Spelling-X	PC-V--X	None	1	1	0	1	0	0	1
112	101	Mat 	5	11	7	διώωσιν	διωξωσιν	διωξωσι	G1377	V-AAS-3P	διώκω	PC	V	CI	Spelling-X	PC-V-CI-X	None	1	1	0	1	1	1	1
113	101	Mat 	5	11	9	ἔιπωσι	ειπωσιν	ειπωσιν	G2036	V-2AAS-3P	ἔπω							0	0	0	0	0	0	1
114	101	Mat 	5	11	13	καϑʼ	καθ'	καθ	G2596	PREP	κατά	PC	V		Punctuation-P	PC-V--P	None	1	1	0	1	0	0	1
115	101	Mat 	5	11	14	ἡμῶ	ημων	ημων	G2257	P-1GP	ἐγώ	P	V	C	Spelling-X	P-V-C-X	ὑμῶν	1	0	0	1	1	0	1
116	102	Mat 	5	12	12	ὅυω	ουτως	ουτως	G3779	ADV	οὕτω							0	0	0	0	0	0	1
117	104	Mat 	5	14	12	ὄρεω	ορεως	ορους	G3735	N-GSN	ὄρος	PC	V	C	Spelling-X	PC-V-C-X	TR uses ορους	1	1	0	1	1	0	1
118	105	Mat 	5	15	10	ἁλλʼ	αλλ'	αλλ	G235	CONJ	ἀλλά	P	V	C	Punctuation-P	P-V-C-P	None	1	0	0	1	1	0	1
119	105	Mat 	5	15	16	πᾶσι	πασιν	πασιν	G3956	A-DPN	πᾶς							0	0	0	0	0	0	1
120	106	Mat 	5	16	1	ὅυτως	ουτως	ουτως	G3779	ADV	οὕτω							0	0	0	0	0	0	1
121	107	Mat 	5	17	2	νομίοῃτἑ	νομιοητε	νομισητε	G3543	V-AAS-2P	νομίζω	PC	V		Spelling-X	PC-V--X	TR uses νομιστε replacing οητε with σητε.	1	1	0	1	0	0	1
122	109	Mat 	5	19	6	ωλῶ	εντωλων	εντολων	G1785	N-GPF	ἐντολή	PC	V	CI	Spelling-X	PC-V-CI-X	TR uses εντολων	1	1	0	1	1	1	1
123	109	Mat 	5	19	9	ἐλαχίο	ελαχιστον	ελαχιστον	G1646	A-ASN	ἐλάχιστος	P	V		None	P-V--	None	1	0	0	1	0	0	1
124	109	Mat 	5	19	12	ὅυως	ουτως	ουτως	G3779	ADV	οὕτω							0	0	0	0	0	0	1
125	109	Mat 	5	19	23	δʼ	δ'	δ	G1161	CONJ	δέ	PC	E	I	Punctuation-P	PC-E-I-P	None	1	1	1	0	0	1	1
126	110	Mat 	5	20	3	περιεύσ	περισσευσει	περισσευη	G4052	V-PAS-3S	περισσεύω	PC	V	CI	Spelling-X	PC-V-CI-X	None	1	1	0	1	1	1	1
127	111	Mat 	5	21	9	δʼ	δ'	δ	G1161	CONJ	δέ	PC	E	I	Punctuation-P	PC-E-I-P	None	1	1	1	0	0	1	1
128	111	Mat 	5	21	11	φονεύσει	φονευσει	φονευση	G5407	V-AAS-3S	φονεύω	PC	V	CI	Spelling-X	PC-V-CI-X	TR uses φονεύσῃ.  	1	1	0	1	1	1	1
129	112	Mat 	5	22	18	δʼ	δ'	δ	G1161	CONJ	δέ	PC	E	I	Punctuation-P	PC-E-I-P	None	1	1	1	0	0	1	1
130	112	Mat 	5	22	30	δʼ	δ'	δ	G1161	CONJ	δέ	PC	E	I	Punctuation-P	PC-E-I-P	None	1	1	1	0	0	1	1
131	112	Mat 	5	22	38	γέενα	γεεναν	γεενναν	G1067	N-ASF	γέεννα	PC	V		Spelling-X	PC-V--X	None	1	1	0	1	0	0	1
132	113	Mat 	5	23	10		και	και	G2532	CONJ	καί	P	V		None	P-V--	None	1	0	0	1	0	0	1
133	113	Mat 	5	23	11	ἐκ	εκει	εκει	G1563	ADV	ἐκεῖ	P	V		None	P-V--	None	1	0	0	1	0	0	1
135	119	Mat 	5	29	8	σκδαλίζῃ	σκανδαλιζη	σκανδαλιζη	G4624	V-PAS-3S	σκανδαλίζω	P	V		None	P-V--	None	1	0	0	1	0	0	1
136	119	Mat 	5	29	13	βάε	βαλλε	βαλε	G906	V-2AAM-2S	βάλλω	P	V		Spelling-X	P-V--X	None	1	0	0	1	0	0	1
137	119	Mat 	5	29	33	γέενα	γεεναν	γεενναν	G1067	N-ASF	γέεννα	PC	V		Spelling-X	PC-V--X	None	1	1	0	1	0	0	1
138	120	Mat 	5	30	12	βάε	βαλλε	βαλε	G906	V-2AAM-2S	βάλλω	P	V		Spelling-X	P-V--X	None	1	0	0	1	0	0	1
139	120	Mat 	5	30	21		του	του	G3588	T-GSM	ὁ	P	V		None	P-V--	None	1	0	0	1	0	0	1
140	120	Mat 	5	30	32	γέενα	γεεναν	γεενναν	G1067	N-ASF	γέεννα	PC	V		Spelling-X	PC-V--X	None	1	1	0	1	0	0	1
141	121	Mat 	5	31	5	ἀλύσ	απολυσει	απολυση	G630	V-AAS-3S	ἀπολύω	PC	V	I	Spelling-X	PC-V-I-X	None	1	1	0	1	0	1	1
142	122	Mat 	5	32	8	ἀπολύσ	απολυσει	απολυση	G630	V-AAS-3S	ἀπολύω	PC	V	I	Spelling-X	PC-V-I-X	None	1	1	0	1	0	1	1
143	122	Mat 	5	32	15	ποι	ποειι	ποιει	G4160	V-PAI-3S	ποιέω	PC	V	CI	Spelling-X	PC-V-CI-X	ι should precede . TR uses ποιει	1	1	0	1	1	1	1
144	122	Mat 	5	32	22	γαμήσ	γαμησει	γαμηση	G1060	V-AAS-3S	γαμέω	PC	V	CI	Spelling-X	PC-V-CI-X	TR uses γαμηση	1	1	0	1	1	1	1
145	124	Mat 	5	34	14		εστιν	εστιν	G2076	V-PXI-3S	εἰμί							0	0	0	0	0	0	1
146	125	Mat 	5	35	7		εστιν	εστιν	G2076	V-PXI-3S	εἰμί							0	0	0	0	0	0	1
147	125	Mat 	5	35	16		εστιν	εστιν	G2076	V-PXI-3S	εἰμί							0	0	0	0	0	0	1
148	126	Mat 	5	36	6	ὀμώσς	ομωσεις	ομοσης	G3660	V-AAS-2S	ὀμνύω	PC	V	CI	Spelling-X	PC-V-CI-X	None	1	1	0	1	1	1	1
149	127	Mat 	5	37	12	ιὸ	παρισσον	περισσον	G4053	A-NSN	περισσός	PC	V	C	Spelling-X	PC-V-C-X	None	1	1	0	1	1	0	1
150	129	Mat 	5	39	9	ἁλλʼ	αλλ'	αλλ	G235	CONJ	ἀλλά	P	V	C	Punctuation-P	P-V-C-P	None	1	0	0	1	1	0	1
151	131	Mat 	5	41	8	μεʼ	μετ'	μετ	G3326	PREP	μετά	PC	E	I	Punctuation-P	PC-E-I-P	None	1	1	1	0	0	1	1
152	136	Mat 	5	46	9	ἔχε;	εχετε;	εχετε	G2192	V-PAI-2P	ἔχω	PC	V	C	Punctuation-P	PC-V-C-P	None	1	1	0	1	1	0	1
153	136	Mat 	5	46	16	ισι;	ποιουσιν;	ποιουσιν	G4160	V-PAI-3P	ποιέω	PC	V	C	Punctuation-P	PC-V-C-P	None	1	1	0	1	1	0	1
154	137	Mat 	5	47	10	οι;	ποιειτε;	ποιειτε	G4160	V-PAM-2P	ποιέω	PC	V	C	Punctuation-P	PC-V-C-P	None	1	1	0	1	1	0	1
155	137	Mat 	5	47	15	ὅυτω	ουτως	ουτως	G3779	ADV	οὕτω							0	0	0	0	0	0	1
156	137	Mat 	5	47	16	οισι;	ποιουσιν;	ποιουσιν	G4160	V-PAI-3P	ποιέω	PC	V	C	Punctuation-P	PC-V-C-P	None	1	1	0	1	1	0	1
157	138	Mat 	5	48	14		εστιν	εστιν	G2076	V-PXI-3S	εἰμί							0	0	0	0	0	0	1
159	140	Mat 	6	2	3	οις	ποιεις	ποιεις	G4160	V-PAI-2S	ποιέω	P	V		None	P-V--	None	1	0	0	1	0	0	1
161	140	Mat 	6	2	28	ἁπέχσι	απεχουσιν	απεχουσι	G568	V-PAI-3P	ἀπέχω	P	V	I	None	P-V-I-e	None	1	0	0	1	0	1	1
162	140	Mat 	6	2	31	ἀυ	αυτου	αυτου	G846	P-GSM	αὐτός	P	V		None	P-V--	None	1	0	0	1	0	0	1
163	143	Mat 	6	5	24	φῶσι	φανωσιν	φανωσι	G5316	V-2APS-3P	φαίνω	PC	V	I	None	PC-V-I-e	None	1	1	0	1	0	1	1
164	143	Mat 	6	5	31	ἀπέχσι	απεχουσιν	απεχουσι	G568	V-PAI-3P	ἀπέχω	P	V	I	None	P-V-I-e	None	1	0	0	1	0	1	1
166	144	Mat 	6	6	8	αμον	ταμειον	ταμειον	G5009	N-NSN	ταμεῖον	P	V		None	P-V--	None	1	0	0	1	0	0	1
168	146	Mat 	6	8	5	ιδε	οιδεν	οιδεν	G1492	V-RAI-3S	εἴδω							0	0	0	0	0	0	1
169	147	Mat 	6	9	1	Οὕ	ουτος	ουτος	G3778	D-NSM	οὗτος	P	V		None	P-V--	None	1	0	0	1	0	0	1
171	152	Mat 	6	14	3	ἀφῆι	αφηιτε	αφητε	G863	V-2AAS-2P	ἀφίημι	PC	V		Spelling-X	PC-V--X	TR uses αφητε	1	1	0	1	0	0	1
172	152	Mat 	6	14	14	ἡμῶν	ημων	ημων	G2257	P-1GP	ἐγώ	P	V	C	Spelling-X	P-V-C-X	ὑμῶν	1	0	0	1	1	0	1
174	154	Mat 	6	16	10	ἀφίζσι	αφανιζουσιν	αφανιζουσι	G853	V-PAI-3P	ἀφανίζω	PC	V	I	None	PC-V-I-e	None	1	1	0	1	0	1	1
175	154	Mat 	6	16	16	φῶσι	φανωσιν	φανωσι	G5316	V-2APS-3P	φαίνω	PC	V	I	None	PC-V-I-e	None	1	1	0	1	0	1	1
176	154	Mat 	6	16	24	ἀπέχουσι	απεχουσιν	απεχουσι	G568	V-PAI-3P	ἀπέχω	PC	V	I	Spelling-X	PC-V-I-X	None	1	1	0	1	0	1	1
177	157	Mat 	6	19	16	διορίσι	διορισσουσιν	διορυσσουσιν	G1358	V-PAI-3P	διορύσσω	PC	V		Spelling-X	PC-V--X	TR uses διορυσσουσιν	1	1	0	1	0	0	1
178	157	Mat 	6	19	18	κλέπουσι	κλεπτουσιν	κλεπτουσιν	G2813	V-PAI-3P	κλέπτω							0	0	0	0	0	0	1
179	161	Mat 	6	23	12	σκοτινὸ	σκοτινον	σκοτενον	G4655	N-DSN	σκότος	PC	V		Spelling-X	PC-V--X	TR uses σκοτεινὸν	1	1	0	1	0	0	1
180	161	Mat 	6	23	22		εστιν	εστιν	G2076	V-PXI-3S	εἰμί							0	0	0	0	0	0	1
181	162	Mat 	6	24	27	μαμωανᾷ	μαμωανα	μαμμωνα	G3126	N-DSN	μαμμωνᾶς	P	V		Spelling-X	P-V--X	TR uses μαμμωνα	1	0	0	1	0	0	1
182	163	Mat 	6	25	2		δε	δε	G1161	CONJ	δέ	P	V		None	P-V--	None	1	0	0	1	0	0	1
183	163	Mat 	6	25	26		εστιν	εστιν	G2076	V-PXI-3S	εἰμί							0	0	0	0	0	0	1
184	164	Mat 	6	26	24	ὀυχ̓ἡμς	ουχ̓ημεις	ουχ	G3756	PRT-N	οὐ	PC			Spacing-Y	PC---Y	end of line spacing	1	1	0	0	0	0	1
185	165	Mat 	6	27	7	οα	προσθηνααι	προσθειναι	G4369	V-2AAN	προστίθημι	P	V		Spelling-X	P-V--X	None	1	0	0	1	0	0	1
186	168	Mat 	6	30	17	ἁμένυσι	αμφιενυσιν	αμφιεννυσιν	G294	V-PAI-3S	ἀμφιέννυμι	PC	V		Spelling-X	PC-V--X	TR uses αμφιεννυσιν	1	1	0	1	0	0	1
187	170	Mat 	6	32	7	ιδε	οιδεν	οιδεν	G1492	V-RAI-3S	εἴδω							0	0	0	0	0	0	1
188	174	Mat 	7	2	13	μειθήσε	μετριθησεται	αντιμετρηθησεται	G488	V-FPI-3S	ἀντιμετρέω	PC	V		Spelling-X	PC-V--X	TR uses ἀντιμετρηθήσεται	1	1	0	1	0	0	1
189	176	Mat 	7	4	6	σο	σον	σον	G4674	S-2ASN	σός	P	V		None	P-V--	None	1	0	0	1	0	0	1
190	176	Mat 	7	4	14	σο	σον	σον	G4674	S-2ASN	σός	P	V		None	P-V--	None	1	0	0	1	0	0	1
191	177	Mat 	7	5	2	ἔκϐαο	εκβαλλο	εκβαλε	G1544	V-2AAM-2S	ἐκβάλλω	PC	V	CI	Spelling-X	PC-V-CI-X	TR uses εκβαλε	1	1	0	1	1	1	1
192	177	Mat 	7	5	13	ἐκαν	εκαλλειν	εκβαλειν	G1544	V-2AAN	ἐκβάλλω	PC	V		Spelling-X	PC-V--X	εκβαλειν	1	1	0	1	0	0	1
193	178	Mat 	7	6	6	κυσι	κυσιν	κυσιν	G2965	N-DPM	κύων	P			None	P---e	None	1	0	0	0	0	0	1
194	178	Mat 	7	6	8	βάλλε	βαλλετε	βαλητε	G906	V-2AAS-2P	βάλλω	PC	V		Spelling-X	PC-V--X	TR uses βαλητε	1	1	0	1	0	0	1
195	184	Mat 	7	12	11	ὅυτως	ουτως	ουτως	G3779	ADV	οὕτω							0	0	0	0	0	0	1
197	187	Mat 	7	15	11	δύμασι	ενδυμασιν	ενδυμασι	G1742	N-DPN	ἔνδυμα	PC	V	I	Spelling-X	PC-V-I-X	None	1	1	0	1	0	1	1
198	187	Mat 	7	15	15	ἐισι	εισιν	εισιν	G1526	V-PXI-3P	εἰσί							0	0	0	0	0	0	1
199	189	Mat 	7	17	1	ὅυτως	ουτως	ουτως	G3779	ADV	οὕτω							0	0	0	0	0	0	1
200	190	Mat 	7	18	11	καρ	καρ	καρπους	G2590	N-APM	καρπός	P	E		Spacing-Y	P-E--Y	None	1	0	1	0	0	0	1
201	190	Mat 	7	18	12	ποὺς	πους	πους	G4228	N-NSM	πούς	P	V		None	P-V--	None	1	0	0	1	0	0	1
202	193	Mat 	7	21	14	ἀλλʼ	αλλ'	αλλ	G235	CONJ	ἀλλά	P	V	C	Punctuation-P	P-V-C-P	None	1	0	0	1	1	0	1
203	194	Mat 	7	22	2	ἐρσι	ερουσιν	ερουσιν	G2046	V-FAI-3P	ἐρέω							0	0	0	0	0	0	1
204	194	Mat 	7	22	5	ἐκεί	εκει	εκει	G1563	ADV	ἐκεῖ	P	V		None	P-V--	None	1	0	0	1	0	0	1
205	194	Mat 	7	22	6	μῃ	μη	μη	G3361	PRT-N	μή	P	V		None	P-V--	None	1	0	0	1	0	0	1
206	195	Mat 	7	23	10	ἀϖʼ	απ'	απ	G575	PREP	ἀπό	PC	E	I	Punctuation-P	PC-E-I-P	None	1	1	1	0	0	1	1
207	196	Mat 	7	24	3	ὅς	ος	ος	G3739	R-NSM	ὅς	P	V		None	P-V--	None	1	0	0	1	0	0	1
208	196	Mat 	7	24	4	τις	τις	τις	G5101	I-NSM	τίς	P	V		None	P-V--	None	1	0	0	1	0	0	1
209	196	Mat 	7	24	18	ᾠκοδόμησεν	ωκοδομησεν	ωκοδομησεν	G3618	V-AAI-3S	οἰκοδομέω							0	0	0	0	0	0	1
210	197	Mat 	7	25	14	οσέπεσα	προσεπεσαν	προσεπεσον	G4363	V-2AAI-3P	προσπίπτω	PC	V	I	Spelling-X	PC-V-I-X	None	1	1	0	1	0	1	1
211	197	Mat 	7	25	20	ἔπεσε	επεσεν	επεσεν	G4098	V-2AAI-3S	πίπτω							0	0	0	0	0	0	1
212	198	Mat 	7	26	13	ὁμιωθήσε	ομιωθησεται	ομοιωθησεται	G3666	V-FPI-3S	ὁμοιόω	PC	V	C	Spelling-X	PC-V-C-X	None	1	1	0	1	1	0	1
213	198	Mat 	7	26	16	ὅς	ος	ος	G3739	R-NSM	ὅς	P	V		None	P-V--	None	1	0	0	1	0	0	1
214	198	Mat 	7	26	17	ις	τις	τις	G5101	I-NSM	τίς	P	V		None	P-V--	None	1	0	0	1	0	0	1
215	198	Mat 	7	26	18	ᾠκοδόμησε	ωκοδομησεν	ωκοδομησεν	G3618	V-AAI-3S	οἰκοδομέω							0	0	0	0	0	0	1
216	199	Mat 	7	27	21	ἔεσε	επεσεν	επεσεν	G4098	V-2AAI-3S	πίπτω							0	0	0	0	0	0	1
217	200	Mat 	7	28	4	ἐτέλεσε	ετελεσεν	ετελεσεν	G5055	V-AAI-3S	τελέω	P	V		None	P-V--	None	1	0	0	1	0	0	1
218	201	Mat 	7	29	9	ὀυχ͗	ουχ'	ουχ	G3756	PRT-N	οὐ	PC	E	I	Punctuation-P	PC-E-I-P	None	1	1	1	0	0	1	1
219	202	Mat 	8	1	1	Καταβά	καταβαν	καταβαν	G2597	V-2AAP-ASN	καταβαίνω	P	V		None	P-V--	None	1	0	0	1	0	0	1
220	202	Mat 	8	1	2	τι	τι	τι	G5100	X-ASN	τίς	P	V		None	P-V--	None	1	0	0	1	0	0	1
221	204	Mat 	8	3	14	ἐκαθερίη	εκαθερισθη	εκαθαρισθη	G2511	V-API-3S	καθαρίζω	PC	V		Spelling-X	PC-V--X	None	1	1	0	1	0	0	1
222	205	Mat 	8	4	9	ἀλλὰ	αλλα	αλλα	G235	CONJ	ἀλλά	P	V		None	P-V--	None	1	0	0	1	0	0	1
223	205	Mat 	8	4	20	οσέταξεν	προσεταξεν	προσεταξεν	G4367	V-AAI-3S	προστάσσω							0	0	0	0	0	0	1
224	210	Mat 	8	9	9	ὑπ͗	υπ'	υπ	G5259	PREP	ὑπό	P	V	C	Diacritic-D	P-V-C-D	None	1	0	0	1	1	0	1
225	211	Mat 	8	10	4	ΙΗΣΟΣ	ιησος	ιησους	G2424	N-NSM	Ἰησοῦς	PC	V		Spelling-X	PC-V--X	None	1	1	0	1	0	0	1
226	211	Mat 	8	10	5	ἐθαύμασεν	εθαυμασεν	εθαυμασεν	G2296	V-AAI-3S	θαυμάζω	P	V		None	P-V--	None	1	0	0	1	0	0	1
227	211	Mat 	8	10	7	ιε	ειπεν	ειπεν	G2036	V-2AAI-3S	ἔπω	P	V		None	P-V--	None	1	0	0	1	0	0	1
228	211	Mat 	8	10	13	ὁυ	ου	ου	G3739	R-GSM	ὅς	P	V		None	P-V--	None	1	0	0	1	0	0	1
229	211	Mat 	8	10	18		το	το	G3588	T-NSN	ὁ							0	0	0	0	0	0	1
230	211	Mat 	8	10	19	άυην	αυτην	αυτην	G846	P-ASF	αὐτός	P	V		None	P-V--	None	1	0	0	1	0	0	1
231	212	Mat 	8	11	10	ἥξσιν	ηξουσιν	ηξουσιν	G2240	V-FAI-3P	ἥκω							0	0	0	0	0	0	1
232	213	Mat 	8	12	9	σκότ	σκοτ	σκοτος	G4655	N-NSN	σκότος	PC	V	I	Punctuation-P	PC-V-I-P	None	1	1	0	1	0	1	1
234	213	Mat 	8	12	16	κλαυθμ	κλαυθμ	κλαυθμος	G2805	N-NSM	κλαυθμός	PC	V	I	Punctuation-P	PC-V-I-P	κλαυθμ ̊̀	1	1	0	1	0	1	1
235	213	Mat 	8	12	17	̊̀	̊̀	κλαυθμος	G2805	N-NSM	κλαυθμός	PC	V	I	Punctuation-P	PC-V-I-P	κλαυθμ ̊̀	1	1	0	1	0	1	1
236	214	Mat 	8	13	6	ἑκανάρχῃ	εκατονταρχη	εκατονταρχη	G1543	N-DSM	ἑκατοντάρχης	P	V		None	P-V--	None	1	0	0	1	0	0	1
237	215	Mat 	8	14	9	ιδε	ειδεν	ειδεν	G1492	V-2AAI-3S	εἴδω	P	V		None	P-V--	None	1	0	0	1	0	0	1
238	215	Mat 	8	14	13	βεϐλημμένην	βεβλημμενην	βεβλημενην	G906	V-RPP-ASF	βάλλω	PC	V	C	Spelling-X	PC-V-C-X	None	1	1	0	1	1	0	1
239	217	Mat 	8	16	4	οσήνεγκε	προσηνεγκεν	προσηνεγκεν	G4374	V-AAI-3S	προσφέρω	P	V		None	P-V--	None	1	0	0	1	0	0	1
240	217	Mat 	8	16	9	έβαλε	εξεβαλεν	εξεβαλεν	G1544	V-2AAI-3S	ἐκβάλλω							0	0	0	0	0	0	1
241	218	Mat 	8	17	13	ἀεΐασ	ασθενιας	ασθενειας	G769	N-APF	ἀσθένεια	PC	V	C	Spelling-X	PC-V-C-X	None	1	1	0	1	1	0	1
242	221	Mat 	8	20	9	ἔχουσι	εχουσιν	εχουσιν	G2192	V-PAI-3P	ἔχω							0	0	0	0	0	0	1
243	225	Mat 	8	24	18	ἐκάϑευδε	εκαθευδεν	εκαθευδε	G2518	V-IAI-3S	καθεύδω	PC	V		None	PC-V--e	None	1	1	0	1	0	0	1
244	226	Mat 	8	25	11	ἀολύμεθα	απολυμεθα	απολλυμεθα	G622	V-PMI-1P	ἀπόλλυμι	PC	V		Spelling-X	PC-V--X	None	1	1	0	1	0	0	1
245	227	Mat 	8	26	10	ἐπείμησε	επετιμησεν	επετιμησεν	G2008	V-AAI-3S	ἐπιτιμάω							0	0	0	0	0	0	1
246	231	Mat 	8	30	4	ἀϖʼ	απ'	απ	G575	PREP	ἀπό	PC	E	I	Punctuation-P	PC-E-I-P	None	1	1	1	0	0	1	1
247	233	Mat 	8	32	16	ὤρμησεν	ωρμησεν	ωρμησεν	G3729	V-AAI-3S	ὁρμάω							0	0	0	0	0	0	1
248	233	Mat 	8	32	24	κριμν	κριμνου	κρημνου	G2911	N-GSM	κρημνός	PC	V		Spelling-X	PC-V--X	None	1	1	0	1	0	0	1
249	236	Mat 	9	1	3	ὁ	ο	ο	G3588	T-NSM	ὁ	P	V		None	P-V--	None	1	0	0	1	0	0	1
250	236	Mat 	9	1	4	ΙΗΣΟΥΣ	ιησους	ιησους	G2424	N-NSM	Ἰησοῦς	P	V		None	P-V--	None	1	0	0	1	0	0	1
251	236	Mat 	9	1	8	διεπέρασε	διεπερασεν	διεπερασε	G1276	V-AAI-3S	διαπεράω	PC	V	I	Spelling-X	PC-V-I-X	None	1	1	0	1	0	1	1
252	237	Mat 	9	2	16	ιπε	ειπεν	ειπεν	G2036	V-2AAI-3S	ἔπω	P	V		None	P-V--	None	1	0	0	1	0	0	1
253	239	Mat 	9	4	9	ἵνα	ινα	ινα	G2443	CONJ	ἵνα							0	0	0	0	0	0	1
254	239	Mat 	9	4	10	ί	τι	τι	G5100	X-ASN	τίς	P	V		None	P-V--	None	1	0	0	1	0	0	1
255	240	Mat 	9	5	4	ἐυκολώτερον	ευκολωτερον	ευκοπωτερον	G2123	A-NSN-C	εὐκοπώτερος	PC	V	C	Spelling-X	PC-V-C-X	None	1	1	0	1	1	0	1
256	240	Mat 	9	5	12	ἔγειρε	εγειρε	εγειραι	G1453	V-AAN	ἐγείρω	PC	V	CI	Spelling-X	PC-V-CI-X	None	1	1	0	1	1	1	1
257	243	Mat 	9	8	5	ἐθάυμασε	εθαυμασεν	εθαυμασεν	G2296	V-AAI-3S	θαυμάζω	P	V		None	P-V--	None	1	0	0	1	0	0	1
258	246	Mat 	9	11	17	διδάσκαλ̊	διδασκαλ̊	διδασκαλος	G1320	N-NSM	διδάσκαλος	PC	V		Spelling-X	PC-V--X	None	1	1	0	1	0	0	1
259	247	Mat 	9	12	13	ἀλλʼ	αλλ'	αλλ	G235	CONJ	ἀλλά	P	V	C	Punctuation-P	P-V-C-P	None	1	0	0	1	1	0	1
260	248	Mat 	9	13	6	ἔλεοσ	ελεος	ελεος	G1656	N-NSM	ἔλεος	P	V		None	P-V--	None	1	0	0	1	0	0	1
261	248	Mat 	9	13	16	ἀλλʼ	αλλ'	αλλ	G235	CONJ	ἀλλά	P	V	C	Punctuation-P	P-V-C-P	None	1	0	0	1	1	0	1
262	249	Mat 	9	14	8	δια	δια	δια	G1223	PREP	διά							0	0	0	0	0	0	1
263	249	Mat 	9	14	9	τΐ	τι	τι	G5100	X-ASN	τίς	P	V		None	P-V--	None	1	0	0	1	0	0	1
264	249	Mat 	9	14	21	νηέυουσι	νηστευουσιν	νηστευουσιν	G3522	V-PAI-3P	νηστεύω							0	0	0	0	0	0	1
266	250	Mat 	9	15	15	μεʼ	μετ'	μετ	G3326	PREP	μετά	PC	E	I	Punctuation-P	PC-E-I-P	None	1	1	1	0	0	1	1
270	255	Mat 	9	20	11	κρααίδ	κρασπαιδου	κρασπεδου	G2899	N-GSN	κράσπεδον	PC	V	CI	Spelling-X	PC-V-CI-X	None	1	1	0	1	1	1	1
271	256	Mat 	9	21	1	ἔλεγε	ελεγεν	ελεγεν	G3004	V-IAI-3S	λέγω							0	0	0	0	0	0	1
272	256	Mat 	9	21	9	ἷματίσυ	ιματισυ	ιματισυ	G2439	V-RPP-ASM	ἱματίζω	P	V		None	P-V--	None	1	0	0	1	0	0	1
273	257	Mat 	9	22	8	ιε	ειπεν	ειπεν	G2036	V-2AAI-3S	ἔπω	P	V		None	P-V--	None	1	0	0	1	0	0	1
274	257	Mat 	9	22	14	σέσωκέ	σεσωκεν	σεσωκεν	G4982	V-RAI-3S	σώζω	PC	V		None	PC-V--e	None	1	1	0	1	0	0	1
275	259	Mat 	9	24	6	ἀπέθανε	απεθανεν	απεθανεν	G599	V-2AAI-3S	ἀποθνήσκω							0	0	0	0	0	0	1
276	260	Mat 	9	25	7	ἐκράτησε	εκρατησεν	εκρατησε	G2902	V-AAI-3S	κρατέω	PC	V		Spelling-X	PC-V--X	None	1	1	0	1	0	0	1
277	265	Mat 	9	30	3	ἀυ	αυτου	αυτου	G846	P-GSM	αὐτός	P	V		None	P-V--	None	1	0	0	1	0	0	1
278	266	Mat 	9	31	4	διεφήμησα	διεφημησαν	διεφημισαν	G1310	V-AAI-3P	διαφημίζω	PC	V		Spelling-X	PC-V--X	None	1	1	0	1	0	0	1
279	267	Mat 	9	32	5	οσήνεγκε	προσηνεγκεν	προσηνεγκεν	G4374	V-AAI-3S	προσφέρω	P	V		None	P-V--	None	1	0	0	1	0	0	1
280	270	Mat 	9	35	23	ϑεραπένω	θεραπενων	θεραπευων	G2323	V-PAP-NSM	θεραπεύω	PC	V		Spelling-X	PC-V--X	None	1	1	0	1	0	0	1
281	271	Mat 	9	36	5	ἐλαγχήη	εσπλαγχνησθη	εσπλαγχνισθη	G4697	V-AOI-3S	σπλαγχνίζομαι	PC	V		Spelling-X	PC-V--X	None	1	1	0	1	0	0	1
282	273	Mat 	9	38	8	κ	εκ	εκ	G1537	PREP	ἐκ	P	V		None	P-V--	None	1	0	0	1	0	0	1
283	273	Mat 	9	38	9	βάλῃ	βαλη	βαλη	G906	V-2AAS-3S	βάλλω	P	V		None	P-V--	None	1	0	0	1	0	0	1
284	274	Mat 	10	1	10	κατὰ	κατα	κατα	G2596	PREP	κατά	P	V		None	P-V--	None	1	0	0	1	0	0	1
285	275	Mat 	10	2	7		εστιν	εστιν	G2076	V-PXI-3S	εἰμί							0	0	0	0	0	0	1
286	278	Mat 	10	5	18	σαμαριῶ	σαμαριτων	σαμαρειτων	G4541	N-GPM	Σαμαρείτης	PC	V		Spelling-X	PC-V--X	None	1	1	0	1	0	0	1
287	284	Mat 	10	11	3	δʼ	δ'	δ	G1161	CONJ	δέ	PC	E	I	Punctuation-P	PC-E-I-P	None	1	1	1	0	0	1	1
288	284	Mat 	10	11	14		εστιν	εστιν	G2076	V-PXI-3S	εἰμί							0	0	0	0	0	0	1
289	284	Mat 	10	11	15		και	και	G2532	CONJ	καί	P	V		None	P-V--	None	1	0	0	1	0	0	1
290	284	Mat 	10	11	16	ἐκ	εκει	εκει	G1563	ADV	ἐκεῖ	P	V		None	P-V--	None	1	0	0	1	0	0	1
292	290	Mat 	10	17	6	αδώσουσι	παραδωσουσιν	παραδωσουσιν	G3860	V-FAI-3P	παραδίδωμι							0	0	0	0	0	0	1
294	296	Mat 	10	23	1	ὅτ͗ἂ	οτ'αν	οταν	G3752	CONJ	ὅταν	PC	E	C	Punctuation-P	PC-E-C-P	None	1	1	1	0	1	0	1
295	299	Mat 	10	26	7	ἐι	εστιν	εστιν	G2076	V-PXI-3S	εἰμί							0	0	0	0	0	0	1
296	300	Mat 	10	27	6	σκοεΐᾳ	σκοτεια	σκοτια	G4653	N-DSF	σκοτία	PC	V		Spelling-X	PC-V--X	None	1	1	0	1	0	0	1
297	300	Mat 	10	27	20	δομάτω	δοματων	δωματων	G1430	N-GPN	δῶμα	PC	V		Spelling-X	PC-V--X	None	1	1	0	1	0	0	1
298	301	Mat 	10	28	6	ἀοκτενότω	αποκτενοντων	αποκτεινοντων	G615	V-PAP-GPM	ἀποκτείνω	PC	V		Spelling-X	PC-V--X	None	1	1	0	1	0	0	1
299	303	Mat 	10	30	10	ἐισὶ	εισιν	εισιν	G1526	V-PXI-3P	εἰσί							0	0	0	0	0	0	1
300	304	Mat 	10	31	3	φοϐκθτε	φοβκθητε	φοβηθητε	G5399	V-AOM-2P	φοβέω	PC	V	C	Printing-Z	PC-V-C-Z	None	1	1	0	1	1	0	1
301	304	Mat 	10	31	7	ἡμς	ημεις	ημεις	G2249	P-1NP	ἐγώ	P	V		None	P-V--	None	1	0	0	1	0	0	1
302	305	Mat 	10	32	3	ὅ	ος	ος	G3739	R-NSM	ὅς	P	V		None	P-V--	None	1	0	0	1	0	0	1
303	305	Mat 	10	32	4	ς	τις	τις	G5101	I-NSM	τίς	P	V		None	P-V--	None	1	0	0	1	0	0	1
304	306	Mat 	10	33	2	τἂ	ταν	αν	G302	PRT	ἄν	PC	V	CI	Translation-T	PC-V-CI-T	None	1	1	0	1	1	1	1
305	311	Mat 	10	38	13	ἔι	εστιν	εστιν	G2076	V-PXI-3S	εἰμί							0	0	0	0	0	0	1
306	313	Mat 	10	40	4	ἐμὴ	εμη	εμη	G1699	S-1NSF	ἐμός	P	V		None	P-V--	None	1	0	0	1	0	0	1
307	315	Mat 	10	42	20	ἀπολέσ	απολεσει	απολεσαι	G622	V-AAN	ἀπόλλυμι	P	V		None	P-V--	None	1	0	0	1	0	0	1
308	320	Mat 	11	5	2	ἀναβλέουσι	αναβλεπουσιν	αναβλεπουσι	G308	V-PAI-3P	ἀναβλέπω	PC	V	I	Spelling-X	PC-V-I-X	None	1	1	0	1	0	1	1
309	320	Mat 	11	5	5	περιπατοῦσι	περιπατουσιν	περιπατουσιν	G4043	V-PAP-DPM	περιπατέω							0	0	0	0	0	0	1
310	320	Mat 	11	5	10	ἀκούουσι	ακουουσιν	ακουουσιν	G191	V-PAI-3P	ἀκούω							0	0	0	0	0	0	1
312	326	Mat 	11	11	5	ἐγεὶγερτ	εγειγερται	εγηγερται	G1453	V-RPI-3S	ἐγείρω	PC	V		Spelling-X	PC-V--X	None	1	1	0	1	0	0	1
313	331	Mat 	11	16	8		εστιν	εστιν	G2076	V-PXI-3S	εἰμί							0	0	0	0	0	0	1
314	331	Mat 	11	16	14	ροσφωνοῦσι	προσφωνουσιν	προσφωνουσιν	G4377	V-PAI-3P	προσφωνέω							0	0	0	0	0	0	1
315	332	Mat 	11	17	3	ἠυλίσα	ηυλισαμεν	ηυλησαμεν	G832	V-AAI-1P	αὐλέω	PC	V		Spelling-X	PC-V--X	None	1	1	0	1	0	0	1
316	333	Mat 	11	18	1	ἦλθε	ηλθεν	ηλθεν	G2064	V-2AAI-3S	ἔρχομαι							0	0	0	0	0	0	1
317	333	Mat 	11	18	4	μή	μη	μη	G3361	PRT-N	μή	P	V		None	P-V--	None	1	0	0	1	0	0	1
318	333	Mat 	11	18	5		τε	τε	G5037	PRT	τέ	P	V		None	P-V--	None	1	0	0	1	0	0	1
319	333	Mat 	11	18	7	μή	μη	μη	G3361	PRT-N	μή	P	V		None	P-V--	None	1	0	0	1	0	0	1
320	333	Mat 	11	18	8		τε	τε	G5037	PRT	τέ	P	V		None	P-V--	None	1	0	0	1	0	0	1
321	333	Mat 	11	18	11	λέγουσι	λεγουσιν	λεγουσιν	G3004	V-PAI-3P	λέγω							0	0	0	0	0	0	1
322	333	Mat 	11	18	12	ὅτι	οτι	οτι	G3754	CONJ	ὅτι	P	V		None	P-V--	None	1	0	0	1	0	0	1
323	336	Mat 	11	21	3	χοραζεὶ	χοραζειν	χοραζιν	G5523	N-PRI	Χοραζίν	PC	V	I	Spelling-X	PC-V-I-X	None	1	1	0	1	0	1	1
324	344	Mat 	11	29	5	ἐφʼ	εφ'	εφ	G1909	PREP	ἐπί	PC	V		Punctuation-P	PC-V--P	None	1	1	0	1	0	0	1
325	344	Mat 	11	29	9	ἀϖʼ	απ'	απ	G575	PREP	ἀπό	PC	E	I	Punctuation-P	PC-E-I-P	None	1	1	1	0	0	1	1
326	346	Mat 	12	1	9	σάϐϐασιν	σαββασιν	σαββασιν	G4521	N-DPN	σάββατον							0	0	0	0	0	0	1
328	348	Mat 	12	3	8	ἐϖοίησεν	εποιησεν	εποιησεν	G4160	V-AAI-3S	ποιέω							0	0	0	0	0	0	1
329	348	Mat 	12	3	14	μετʼ	μετ'	μετ	G3326	PREP	μετά	PC	E	I	Punctuation-P	PC-E-I-P	None	1	1	1	0	0	1	1
330	349	Mat 	12	4	22	μεʼ	μετ'	μετ	G3326	PREP	μετά	PC	E	I	Punctuation-P	PC-E-I-P	None	1	1	1	0	0	1	1
331	349	Mat 	12	4	27	ἱερεῦσιν	ιερευσιν	ιερευσι	G2409	N-DPM	ἱερεύς	P	V	I	Spelling-X	P-V-I-X	None	1	0	0	1	0	1	1
332	350	Mat 	12	5	16	βεβηλοῦσι	βεβηλουσιν	βεβηλουσι	G953	V-PAI-3P	βεβηλόω	PC	V		Spelling-X	PC-V--X	None	1	1	0	1	0	0	1
333	350	Mat 	12	5	19	ἐισι	εισιν	εισιν	G1526	V-PXI-3P	εἰσί							0	0	0	0	0	0	1
334	352	Mat 	12	7	6	ἔλεοσ	ελεος	ελεος	G1656	N-NSM	ἔλεος	P	V		None	P-V--	None	1	0	0	1	0	0	1
335	353	Mat 	12	8	3	ἐι	εστιν	εστιν	G2076	V-PXI-3S	εἰμί							0	0	0	0	0	0	1
336	355	Mat 	12	10	14	ἔξει	εξεστιν	εξεστιν	G1832	V-PQI-3S	ἔξεστι							0	0	0	0	0	0	1
337	355	Mat 	12	10	16	σάββασι	σαββασιν	σαββασιν	G4521	N-DPN	σάββατον							0	0	0	0	0	0	1
338	357	Mat 	12	12	1	πώσῳ	πωσω	ποσω	G4214	Q-DSN	πόσος	PC	V	C	Spelling-X	PC-V-C-X	None	1	1	0	1	1	0	1
339	357	Mat 	12	12	7	ἔξει	εξεστιν	εξεστιν	G1832	V-PQI-3S	ἔξεστι							0	0	0	0	0	0	1
340	357	Mat 	12	12	9	σάββασι	σαββασιν	σαββασιν	G4521	N-DPN	σάββατον							0	0	0	0	0	0	1
341	358	Mat 	12	13	10	έτεινε	εξετεινεν	εξετεινε	G1614	V-AAI-3S	ἐκτείνω	PC	V		Spelling-X	PC-V--X	None	1	1	0	1	0	0	1
342	358	Mat 	12	13	12	ἀοκαάη	αποκατασθη	αποκατεσταθη	G600	V-API-3S	ἀποκαθίστημι	P	V		Spelling-X	P-V--X	None	1	0	0	1	0	0	1
344	363	Mat 	12	18	20	ἐπʼ	επ'	επ	G1909	PREP	ἐπί	PC	E	I	Punctuation-P	PC-E-I-P	None	1	1	1	0	0	1	1
345	366	Mat 	12	21	7	ἐλισι	ελπιουσιν	ελπιουσιν	G1679	V-FAI-3P-ATT	ἐλπίζω							0	0	0	0	0	0	1
347	370	Mat 	12	25	13	καθʼ	καθ'	καθ	G2596	PREP	κατά	PC	V		Punctuation-P	PC-V--P	None	1	1	0	1	0	0	1
348	370	Mat 	12	25	22	καθʼ	καθ'	καθ	G2596	PREP	κατά	PC	V		Punctuation-P	PC-V--P	None	1	1	0	1	0	0	1
349	371	Mat 	12	26	7	ἐκ	εκ	εκ	G1537	PREP	ἐκ	P	V		None	P-V--	None	1	0	0	1	0	0	1
350	371	Mat 	12	26	8	βάλλ	βαλλει	βαλλει	G906	V-PAI-3S	βάλλω	P	V		None	P-V--	None	1	0	0	1	0	0	1
351	371	Mat 	12	26	9	ἐφʼ	εφ'	εφ	G1909	PREP	ἐπί	PC	V		Punctuation-P	PC-V--P	None	1	1	0	1	0	0	1
352	372	Mat 	12	27	14	ἐκβάλλουσι	εκβαλλουσιν	εκβαλλουσιν	G1544	V-PAI-3P	ἐκβάλλω							0	0	0	0	0	0	1
353	373	Mat 	12	28	1	ἐι	ειδε	ειδε	G1492	V-2AAI-3S	εἴδω	P	V		None	P-V--	None	1	0	0	1	0	0	1
354	373	Mat 	12	28	11	ἐφʼ	εφ'	εφ	G1909	PREP	ἐπί	PC	V		Punctuation-P	PC-V--P	None	1	1	0	1	0	0	1
356	375	Mat 	12	30	6	καʼ	κατ'	κατ	G2596	PREP	κατά	PC	E	C	Punctuation-P	PC-E-C-P	None	1	1	1	0	1	0	1
357	375	Mat 	12	30	7	μοῦ	μου	μου	G3450	P-1GS	ἐγώ	P	V		None	P-V--	None	1	0	0	1	0	0	1
358	375	Mat 	12	30	8	ἐι	εστιν	εστιν	G2076	V-PXI-3S	εἰμί							0	0	0	0	0	0	1
360	377	Mat 	12	32	3	ἐὰ	εαν	εαν	G1437	COND	ἐάν	P	V		None	P-V--	None	1	0	0	1	0	0	1
361	377	Mat 	12	32	14	δʼ	δ'	δ	G1161	CONJ	δέ	PC	E	I	Punctuation-P	PC-E-I-P	None	1	1	1	0	0	1	1
362	377	Mat 	12	32	22	ὀυ	ου	ου	G3739	R-GSM	ὅς	P	V		None	P-V--	None	1	0	0	1	0	0	1
363	380	Mat 	12	35	5		των	των	G3588	T-GPF	ὁ	P	V		None	P-V--	None	1	0	0	1	0	0	1
364	381	Mat 	12	36	13	ἀοδώσουσι	αποδωσουσιν	αποδωσουσιν	G591	V-FAI-3P	ἀποδίδωμι							0	0	0	0	0	0	1
365	387	Mat 	12	42	24	σολομῶνος	σολομωνος	σολομωντος	G4672	N-GSM	Σολομών	PC	V		Spelling-X	PC-V--X	None	1	1	0	1	0	0	1
366	387	Mat 	12	42	28	σολομῶος	σολομωνος	σολομωντος	G4672	N-GSM	Σολομών	PC	V		Spelling-X	PC-V--X	None	1	1	0	1	0	0	1
370	389	Mat 	12	44	11	ἐλθὼ	ελθων	ελθων	G2064	V-2AAP-NSM	ἔρχομαι	P	V		None	P-V--	None	1	0	0	1	0	0	1
372	392	Mat 	12	47	1	ιε	ειπεν	ειπεν	G2036	V-2AAI-3S	ἔπω	P	V		None	P-V--	None	1	0	0	1	0	0	1
373	392	Mat 	12	47	14	ἐήκασι	εστηκασιν	εστηκασιν	G2476	V-RAI-3P	ἵστημι							0	0	0	0	0	0	1
374	393	Mat 	12	48	4	ιεν	ειπεν	ειπεν	G2036	V-2AAI-3S	ἔπω	P	V		None	P-V--	None	1	0	0	1	0	0	1
376	397	Mat 	13	2	21	ἑήκ	εστηκει	ειστηκει	G2476	V-LAI-3S	ἵστημι	PC	V		Spelling-X	PC-V--X	None	1	1	0	1	0	0	1
377	399	Mat 	13	4	8	ἔπεσε	επεσεν	επεσεν	G4098	V-2AAI-3S	πίπτω							0	0	0	0	0	0	1
378	399	Mat 	13	4	13	ἦλϑε	ηλθεν	ηλθεν	G2064	V-2AAI-3S	ἔρχομαι							0	0	0	0	0	0	1
379	400	Mat 	13	5	9	ιχε	ειχεν	ειχεν	G2192	V-IAI-3S	ἔχω							0	0	0	0	0	0	1
380	400	Mat 	13	5	14	ανέτλε	εξανετειλεν	εξανετειλε	G1816	V-AAI-3S	ἐξανατέλλω	PC	V	I	Spelling-X	PC-V-I-X	None	1	1	0	1	0	1	1
381	402	Mat 	13	7	8	ἀνέϐησε	ανεβησεν	ανεβησαν	G305	V-2AAI-3P	ἀναβαίνω	PC	V		Spelling-X	PC-V--X	None	1	1	0	1	0	0	1
382	403	Mat 	13	8	3	ἔπεσα	επεσαν	επεσαν	G4098	V-2AAI-3P	πίπτω	P	V		None	P-V--	None	1	0	0	1	0	0	1
383	405	Mat 	13	10	7	διὰ	δια	δια	G1223	PREP	διά							0	0	0	0	0	0	1
384	405	Mat 	13	10	8	τὶ	τι	τι	G5100	X-ASN	τίς	P	V		None	P-V--	None	1	0	0	1	0	0	1
385	407	Mat 	13	12	16	ἀϖʼ	απ'	απ	G575	PREP	ἀπό	PC	E	I	Punctuation-P	PC-E-I-P	None	1	1	1	0	0	1	1
386	408	Mat 	13	13	10	βλέουσι	βλεπουσιν	βλεπουσιν	G991	V-PAI-3P	βλέπω							0	0	0	0	0	0	1
387	408	Mat 	13	13	16	σΐουσι	συνιουσιν	συνιουσιν	G4920	V-PAI-3P	συνίημι							0	0	0	0	0	0	1
388	409	Mat 	13	14	3	ἐϖʼ	επ'	επ	G1909	PREP	ἐπί	PC	E	I	Punctuation-P	PC-E-I-P	None	1	1	1	0	0	1	1
389	410	Mat 	13	15	19	ἴδωσι	ιδωσιν	ιδωσιν	G1492	V-2AAS-3P	εἴδω							0	0	0	0	0	0	1
390	410	Mat 	13	15	25	ἀκούσωσι	ακουσωσιν	ακουσωσιν	G191	V-AAS-3P	ἀκούω							0	0	0	0	0	0	1
391	410	Mat 	13	15	29	σιῶσι	συνιωσιν	συνιωσιν	G4920	V-PAS-3P	συνίημι	P	V		None	P-V--	None	1	0	0	1	0	0	1
392	410	Mat 	13	15	31	ἐϖιρέψωσι	επιστρεψωσιν	επιστρεψωσι	G1994	V-AAS-3P	ἐπιστρέφω	PC	V		Spelling-X	PC-V--X	None	1	1	0	1	0	0	1
393	411	Mat 	13	16	7	βλέπουσι	βλεπουσιν	βλεπουσιν	G991	V-PAI-3P	βλέπω							0	0	0	0	0	0	1
394	416	Mat 	13	21	9		εστιν	εστιν	G2076	V-PXI-3S	εἰμί							0	0	0	0	0	0	1
395	419	Mat 	13	24	6	ὁμοιώη	ομοιωθη	ωμοιωθη	G3666	V-API-3S	ὁμοιόω	PC	V		Spelling-X	PC-V--X	None	1	1	0	1	0	0	1
396	420	Mat 	13	25	12	ἔρε	εσπειρεν	εσπειρεν	G4687	V-AAI-3S	σπείρω							0	0	0	0	0	0	1
397	421	Mat 	13	26	8	ἐοίησε	εποιησεν	εποιησεν	G4160	V-AAI-3S	ποιέω							0	0	0	0	0	0	1
398	422	Mat 	13	27	10	ὀυ	ου	ου	G3739	R-GSM	ὅς	P	V		None	P-V--	None	1	0	0	1	0	0	1
399	425	Mat 	13	30	2	ἀυξάνε	αυξανεσθαι	συναυξανεσθαι	G4885	V-PPN	συναυξάνω	PC	V		Spelling-X	PC-V--X	None	1	1	0	1	0	0	1
400	425	Mat 	13	30	31	σάγετε	συναγετε	συναγαγετε	G4863	V-2AAM-2P	συνάγω	PC	V	C	Spelling-X	PC-V-C-X	None	1	1	0	1	1	0	1
401	427	Mat 	13	32	1	ὃ	ον	ον	G3739	R-ASM	ὅς	P	V		None	P-V--	None	1	0	0	1	0	0	1
402	427	Mat 	13	32	2	μικρώτερο	μικρωτερον	μικροτερον	G3398	A-NSN-C	μικρός	PC	V		Spelling-X	PC-V--X	None	1	1	0	1	0	0	1
403	427	Mat 	13	32	4		εστιν	εστιν	G2076	V-PXI-3S	εἰμί							0	0	0	0	0	0	1
405	427	Mat 	13	32	14	ἐί	εστιν	εστιν	G2076	V-PXI-3S	εἰμί							0	0	0	0	0	0	1
406	428	Mat 	13	33	15	ἕκρυψε	εκρυψεν	ενεκρυψεν	G1470	V-AAI-3S	ἐγκρύπτω	PC	V		Spelling-X	PC-V--X	None	1	1	0	1	0	0	1
407	434	Mat 	13	39	5	είρω	σπειρων	σπειρων	G4687	V-PAP-NSM	σπείρω	P	V		None	P-V--	None	1	0	0	1	0	0	1
408	439	Mat 	13	44	16	ἔκρυψε	εκρυψεν	ενεκρυψεν	G1470	V-AAI-3S	ἐγκρύπτω	PC	V		Spelling-X	PC-V--X	None	1	1	0	1	0	0	1
409	441	Mat 	13	46	10	ιχε	ειχεν	ειχεν	G2192	V-IAI-3S	ἔχω							0	0	0	0	0	0	1
410	443	Mat 	13	48	14	ἄη	αγγη	αγγεια	G30	N-APN	ἀγγεῖον	PC	V		Spelling-X	PC-V--X	None	1	1	0	1	0	0	1
411	444	Mat 	13	49	12	ἀφοριοῦσι	αφοριουσιν	αφοριουσι	G873	V-FAI-3P-ATT	ἀφορίζω	PC	V	I	Spelling-X	PC-V-I-X	None	1	1	0	1	0	1	1
412	447	Mat 	13	52	21	βά	βαλλει	βαλλει	G906	V-PAI-3S	βάλλω	P	V		None	P-V--	None	1	0	0	1	0	0	1
413	449	Mat 	13	54	1	ἐκθε	εκειθεν	εκειθεν	G1564	ADV	ἐκεῖθεν	P	V		None	P-V--	None	1	0	0	1	0	0	1
414	449	Mat 	13	54	15	ἐκ	εκ	εκ	G1537	PREP	ἐκ	P	V		None	P-V--	None	1	0	0	1	0	0	1
416	450	Mat 	13	55	1	ὀυχ͗	ουχ'	ουχ	G3756	PRT-N	οὐ	PC	E	I	Punctuation-P	PC-E-I-P	None	1	1	1	0	0	1	1
417	451	Mat 	13	56	9	ἐισι	εισιν	εισιν	G1526	V-PXI-3P	εἰσί							0	0	0	0	0	0	1
418	452	Mat 	13	57	11	ἔι	εστιν	εστιν	G2076	V-PXI-3S	εἰμί							0	0	0	0	0	0	1
419	455	Mat 	14	2	2	ιπε	ειπεν	ειπεν	G2036	V-2AAI-3S	ἔπω	P	V		None	P-V--	None	1	0	0	1	0	0	1
420	456	Mat 	14	3	11	ἐις	εις	εις	G1519	PREP	εἰς	P	V		None	P-V--	None	1	0	0	1	0	0	1
421	456	Mat 	14	3	12	φυλακ	φυλακην	φυλακην	G5438	N-ASF	φυλακή	P	V		None	P-V--	None	1	0	0	1	0	0	1
422	457	Mat 	14	4	1	ἔλεγε	ελεγεν	ελεγεν	G3004	V-IAI-3S	λέγω							0	0	0	0	0	0	1
423	457	Mat 	14	4	7	εί	εξεστιν	εξεστιν	G1832	V-PQI-3S	ἔξεστι							0	0	0	0	0	0	1
424	459	Mat 	14	6	1	γενεσίοισ	γενεσιοις	γενεσιοις	G1077	N-DPN	γενέσια	P	V		None	P-V--	None	1	0	0	1	0	0	1
425	459	Mat 	14	6	3	ἀγοοις	αγομενοις	αγομενων	G71	V-PPP-GPM	ἄγω	PC	V	I	Spelling-X	PC-V-I-X	None	1	1	0	1	0	1	1
426	459	Mat 	14	6	15	ἤρεσε	ηρεσεν	ηρεσεν	G700	V-AAI-3S	ἀρέσκω							0	0	0	0	0	0	1
428	462	Mat 	14	9	10	τού	του	του	G3588	T-GSM	ὁ	P	V		None	P-V--	None	1	0	0	1	0	0	1
429	462	Mat 	14	9	12	ἐκέλευσεν	εκελευσεν	εκελευσεν	G2753	V-AAI-3S	κελεύω							0	0	0	0	0	0	1
430	462	Mat 	14	9	14	ἀυτῇ	αυτη	αυτη	G846	P-DSF	αὐτός	P	V		None	P-V--	None	1	0	0	1	0	0	1
431	463	Mat 	14	10	3	ἀπεκεφάλησεν	απεκεφαλησεν	απεκεφαλισεν	G607	V-AAI-3S	ἀποκεφαλίζω	PC	V		Spelling-X	PC-V--X	None	1	1	0	1	0	0	1
432	464	Mat 	14	11	13	ἤνεκεν	ηνεγκεν	ηνεγκεν	G5342	V-AAI-3S	φέρω							0	0	0	0	0	0	1
433	466	Mat 	14	13	12	κα	κατ᾽	κατ	G2596	PREP	κατά	P	V	CI	Punctuation-P	P-V-CI-P	None	1	0	0	1	1	1	1
434	467	Mat 	14	14	5	ιδε	ειδεν	ειδεν	G1492	V-2AAI-3S	εἴδω	P	V		None	P-V--	None	1	0	0	1	0	0	1
435	467	Mat 	14	14	10	ἐπʼ	επ'	επ	G1909	PREP	ἐπί	PC	E	I	Punctuation-P	PC-E-I-P	None	1	1	1	0	0	1	1
436	467	Mat 	14	14	13	ἐεράπευσε	εθεραπευσεν	εθεραπευσεν	G2323	V-AAI-3S	θεραπεύω							0	0	0	0	0	0	1
437	471	Mat 	14	18	3	ιπεν	ειπεν	ειπεν	G2036	V-2AAI-3S	ἔπω	P	V		None	P-V--	None	1	0	0	1	0	0	1
438	472	Mat 	14	19	22	ἐυλόγησε	ευλογησεν	ευλογησεν	G2127	V-AAI-3S	εὐλογέω							0	0	0	0	0	0	1
439	472	Mat 	14	19	25	ἔδωκε	εδωκεν	εδωκεν	G1325	V-AAI-3S	δίδωμι							0	0	0	0	0	0	1
440	474	Mat 	14	21	6	ὡς	ως	ως	G5613	ADV	ὡς	P	V		None	P-V--	None	1	0	0	1	0	0	1
441	475	Mat 	14	22	20	ν	ον	ον	G3739	R-ASM	ὅς	P	V		None	P-V--	None	1	0	0	1	0	0	1
442	476	Mat 	14	23	9	κα	κατ᾽	κατ	G2596	PREP	κατά	P	V	CI	Punctuation-P	P-V-CI-P	None	1	0	0	1	1	1	1
443	478	Mat 	14	25	6	ἀπῆλε	απηλθεν	απηλθεν	G565	V-2AAI-3S	ἀπέρχομαι							0	0	0	0	0	0	1
444	478	Mat 	14	25	13		την	την	G3588	T-ASF	ὁ	P	V		None	P-V--	None	1	0	0	1	0	0	1
445	478	Mat 	14	25	14	άλααν	θαλασσαν	θαλασσαν	G2281	N-ASF	θάλασσα	P	V		None	P-V--	None	1	0	0	1	0	0	1
446	479	Mat 	14	26	14	ἐι	εστιν	εστιν	G2076	V-PXI-3S	εἰμί							0	0	0	0	0	0	1
447	480	Mat 	14	27	12	φοϐῆε	φοβησθε	φοβεισθε	G5399	V-PNM-2P	φοβέω	PC	V	C	Spelling-X	PC-V-C-X	None	1	1	0	1	1	0	1
448	481	Mat 	14	28	6	ιπεν	ειπεν	ειπεν	G2036	V-2AAI-3S	ἔπω	P	V		None	P-V--	None	1	0	0	1	0	0	1
449	484	Mat 	14	31	11	ιπε	ειπεν	ειπεν	G2036	V-2AAI-3S	ἔπω	P	V		None	P-V--	None	1	0	0	1	0	0	1
450	487	Mat 	14	34	7	γεννησαρέθ	γεννησαρεθ	γεννησαρετ	G1082	N-PRI	Γεννησαρέτ	PC	V		Spelling-X	PC-V--X	None	1	1	0	1	0	0	1
451	490	Mat 	15	1	3		του	του	G3588	T-GSM	ὁ	P	V		None	P-V--	None	1	0	0	1	0	0	1
452	491	Mat 	15	2	1	διὰ	δια	δια	G1223	PREP	διά							0	0	0	0	0	0	1
453	491	Mat 	15	2	2	τί	τι	τι	G5100	X-ASN	τίς	P	V		None	P-V--	None	1	0	0	1	0	0	1
454	491	Mat 	15	2	6	παραϐνουσι	παραβαινουσιν	παραβαινουσι	G3845	V-PAI-3P	παραβαίνω	PC	V		Spelling-X	PC-V--X	None	1	1	0	1	0	0	1
455	492	Mat 	15	3	7	τί	τι	τι	G5100	X-ASN	τίς	P	V		None	P-V--	None	1	0	0	1	0	0	1
456	492	Mat 	15	3	12		εν	εν	G1722	PREP	ἔν	P	V		None	P-V--	None	1	0	0	1	0	0	1
458	494	Mat 	15	5	9		και	και	G2532	CONJ	καί	P	V		None	P-V--	None	1	0	0	1	0	0	1
459	495	Mat 	15	6	4	μήσ	τιμησει	τιμησει	G5091	V-FAI-3S	τιμάω	P	V		None	P-V--	None	1	0	0	1	0	0	1
460	496	Mat 	15	7	3	οεφήτσε	προεφητευσεν	προεφητευσεν	G4395	V-AAI-3S	προφητεύω							0	0	0	0	0	0	1
461	497	Mat 	15	8	11	χείλεσὶ	χειλεσιν	χειλεσιν	G5491	N-DPN	χεῖλος							0	0	0	0	0	0	1
462	497	Mat 	15	8	20	ἀϖʼ	απ'	απ	G575	PREP	ἀπό	PC	E	I	Punctuation-P	PC-E-I-P	None	1	1	1	0	0	1	1
463	501	Mat 	15	12	15	ἐσκἀνδαλήησα	εσκανδαλησθησαν	εσκανδαλισθησαν	G4624	V-API-3P	σκανδαλίζω	PC	V		Spelling-X	PC-V--X	None	1	1	0	1	0	0	1
464	502	Mat 	15	13	4	ιπε	ειπεν	ειπεν	G2036	V-2AAI-3S	ἔπω	P	V		None	P-V--	None	1	0	0	1	0	0	1
465	503	Mat 	15	14	4	ἐισι	εισιν	εισιν	G1526	V-PXI-3P	εἰσί							0	0	0	0	0	0	1
466	503	Mat 	15	14	12	ἀμφό	αμφο	αμφοδου	G296	N-GSN	ἄμφοδον	P	V		None	P-V--	None	1	0	0	1	0	0	1
468	506	Mat 	15	17	7	ἐιτ	ειστ	εις	G1519	PREP	εἰς	PC	V	CI	Spacing-Y	PC-V-CI-Y	 shows ἐιτ ο. TR shows εἰς τὸ	1	1	0	1	1	1	1
469	506	Mat 	15	17	8	ὸ	ο	ο	G3588	T-NSM	ὁ	P	V		None	P-V--	None	1	0	0	1	0	0	1
470	508	Mat 	15	19	8	φθόνοι	φθονοι	φθονοι	G5355	N-NPM	φθόνος	P	V		None	P-V--	None	1	0	0	1	0	0	1
471	509	Mat 	15	20	2		εστιν	εστιν	G2076	V-PXI-3S	εἰμί							0	0	0	0	0	0	1
472	509	Mat 	15	20	10	χσὶ	χερσιν	χερσιν	G5495	N-DPF	χείρ							0	0	0	0	0	0	1
473	511	Mat 	15	22	4	κα	καναναια	χαναναια	G5478	A-NSF	Χανααναίος	PC	V		Spelling-X	PC-V--X	None	1	1	0	1	0	0	1
474	511	Mat 	15	22	10	ἔκραζε	εκραζεν	εκραζεν	G2896	V-IAI-3S	κράζω	P	V		None	P-V--	None	1	0	0	1	0	0	1
475	511	Mat 	15	22	16	ὸς	υιος	υιος	G5207	N-NSM	υἱός	P	V		None	P-V--	None	1	0	0	1	0	0	1
476	514	Mat 	15	25	4	οσεκύνησε	προσεκυνησεν	προσεκυνησεν	G4352	V-AAI-3S	προσκυνέω	P	V		None	P-V--	None	1	0	0	1	0	0	1
477	516	Mat 	15	27	3	ιπε	ειπεν	ειπεν	G2036	V-2AAI-3S	ἔπω	P	V		None	P-V--	None	1	0	0	1	0	0	1
478	516	Mat 	15	27	13	ψυχίω	ψυχιων	ψιχιων	G5589	N-GPN	ψιχίον	PC	V		Spelling-X	PC-V--X	None	1	1	0	1	0	0	1
479	518	Mat 	15	29	6	ἦλθε	ηλθεν	ηλθεν	G2064	V-2AAI-3S	ἔρχομαι							0	0	0	0	0	0	1
480	519	Mat 	15	30	3	ὸς	προς	προς	G4314	PREP	πρός	P	V		None	P-V--	None	1	0	0	1	0	0	1
481	519	Mat 	15	30	4	ἀυ	αυτον	αυτον	G846	P-ASM	αὐτός	P	V		None	P-V--	None	1	0	0	1	0	0	1
483	521	Mat 	15	32	8	ιπε	ειπεν	ειπεν	G2036	V-2AAI-3S	ἔπω	P	V		None	P-V--	None	1	0	0	1	0	0	1
484	521	Mat 	15	32	17	οσουσί	προσμενουσιν	προσμενουσι	G4357	V-PAI-3P	προσμένω	PC	V	I	Spelling-X	PC-V-I-X	None	1	1	0	1	0	1	1
485	521	Mat 	15	32	21	ἔχουσι	εχουσιν	εχουσιν	G2192	V-PAI-3P	ἔχω							0	0	0	0	0	0	1
486	521	Mat 	15	32	23	φάγωσι	φαγωσιν	φαγωσιν	G5315	V-2AAS-3P	φάγω							0	0	0	0	0	0	1
487	521	Mat 	15	32	30	μή	μη	μη	G3361	PRT-N	μή	P	V		None	P-V--	None	1	0	0	1	0	0	1
488	521	Mat 	15	32	31	ποτε	ποτε	ποτε	G4219	PRT-I	πότε	P	V		None	P-V--	None	1	0	0	1	0	0	1
489	524	Mat 	15	35	2	ἐκέλσε	εκελευσεν	εκελευσεν	G2753	V-AAI-3S	κελεύω							0	0	0	0	0	0	1
490	525	Mat 	15	36	3	οὺς	τοους	τους	G3588	T-APM	ὁ	PC	V		Spelling-X	PC-V--X	None	1	1	0	1	0	0	1
491	525	Mat 	15	36	13	ἔδωκε	εδωκεν	εδωκεν	G1325	V-AAI-3S	δίδωμι							0	0	0	0	0	0	1
492	527	Mat 	15	38	5	ίλιοι	σχιλιοι	τετρακισχιλιοι	G5070	A-NPM	τετρακισχίλιοι	P	V		Spelling-X	P-V--X	None	1	0	0	1	0	0	1
493	528	Mat 	15	39	5	ἀνέϐη	ανεβη	ανεβη	G305	V-2AAI-3S	ἀναβαίνω	P	V		None	P-V--	None	1	0	0	1	0	0	1
494	529	Mat 	16	1	14	δξαι	δειξαι	δειξαι	G1166	V-AAN	δεικνύω	P	V		None	P-V--	None	1	0	0	1	0	0	1
495	532	Mat 	16	4	12	ἐιμὴ	ειμη	ει	G1488	V-PXI-2S	εἰμί	PC	V		Spacing-Y	PC-V--Y	 shows ἐιμὴ. TR shows ἐι μὴ	1	1	0	1	0	0	1
496	532	Mat 	16	4	21	ἀπλθε	απηλθεν	απηλθεν	G565	V-2AAI-3S	ἀπέρχομαι							0	0	0	0	0	0	1
497	539	Mat 	16	11	7	ἄρτον	αρτον	αρτον	G740	N-ASM	ἄρτος	P	V		None	P-V--	None	1	0	0	1	0	0	1
498	539	Mat 	16	11	10	οσέχε	προσεχετε	προσεχειν	G4337	V-PAN	προσέχω	P	V		Spelling-X	P-V--X	None	1	0	0	1	0	0	1
499	540	Mat 	16	12	5	ιπε	ειπεν	ειπεν	G2036	V-2AAI-3S	ἔπω	P	V		None	P-V--	None	1	0	0	1	0	0	1
500	540	Mat 	16	12	12	ἀὰ	αλλα	αλλα	G235	CONJ	ἀλλά	P	V		None	P-V--	None	1	0	0	1	0	0	1
501	544	Mat 	16	16	5	εἶπε	ειπεν	ειπεν	G2036	V-2AAI-3S	ἔπω	P	V		None	P-V--	None	1	0	0	1	0	0	1
502	545	Mat 	16	17	17	ἀεκάλυψέ	απεκαλυψεν	απεκαλυψε	G601	V-AAI-3S	ἀποκαλύπτω	PC	V	I	Spelling-X	PC-V-I-X	None	1	1	0	1	0	1	1
503	545	Mat 	16	17	19	ἁλλʼ	αλλ'	αλλ	G235	CONJ	ἀλλά	P	V	C	Punctuation-P	P-V-C-P	None	1	0	0	1	1	0	1
504	547	Mat 	16	19	11	ὅσα	οσα	οσα	G3745	K-APN	ὅσος	P	V		None	P-V--	None	1	0	0	1	0	0	1
505	547	Mat 	16	19	12	ἂ	αν	αν	G302	PRT	ἄν	P	V		None	P-V--	None	1	0	0	1	0	0	1
506	547	Mat 	16	19	18	εδεα	δεδεμενα	δεδεμενα	G1210	V-RPP-NPN	δέω	P	V		None	P-V--	None	1	0	0	1	0	0	1
507	547	Mat 	16	19	23	ὅσα	οσα	οσα	G3745	K-APN	ὅσος	P	V		None	P-V--	None	1	0	0	1	0	0	1
508	547	Mat 	16	19	24	ἂ	αν	αν	G302	PRT	ἄν	P	V		None	P-V--	None	1	0	0	1	0	0	1
509	547	Mat 	16	19	30	λελυα	λελυμενα	λελυμενα	G3089	V-RPP-NPN	λύω	P	V		None	P-V--	None	1	0	0	1	0	0	1
510	551	Mat 	16	23	4	ιπε	ειπεν	ειπεν	G2036	V-2AAI-3S	ἔπω	P	V		None	P-V--	None	1	0	0	1	0	0	1
511	552	Mat 	16	24	4	ιπε	ειπεν	ειπεν	G2036	V-2AAI-3S	ἔπω	P	V		None	P-V--	None	1	0	0	1	0	0	1
512	553	Mat 	16	25	12	δʼ	δ'	δ	G1161	CONJ	δέ	PC	E	I	Punctuation-P	PC-E-I-P	None	1	1	1	0	0	1	1
513	553	Mat 	16	25	14	ἀλήσῃ	αποληση	απολεση	G622	V-AAS-3S	ἀπόλλυμι	PC	V		Spelling-X	PC-V--X	None	1	1	0	1	0	0	1
514	554	Mat 	16	26	3	ὠφεληθήσετ	ωφεληθησεται	ωφελειται	G5623	V-PPI-3S	ὠφελέω	PC	V	C	Spelling-X	PC-V-C-X	None	1	1	0	1	1	0	1
515	556	Mat 	16	28	4	ἐισί	εισιν	εισιν	G1526	V-PXI-3P	εἰσί							0	0	0	0	0	0	1
516	556	Mat 	16	28	7	ἐώτω	εστωτων	εστωτων	G2476	V-RAP-GPM	ἵστημι	P	V		None	P-V--	None	1	0	0	1	0	0	1
517	556	Mat 	16	28	8	ὅι	οι	οι	G3588	T-NPM	ὁ	P	V		None	P-V--	None	1	0	0	1	0	0	1
518	556	Mat 	16	28	12	εύσον	γευσονται	γευσονται	G1089	V-FDI-3P	γεύομαι	P	V		None	P-V--	None	1	0	0	1	0	0	1
519	556	Mat 	16	28	16	ἴδωσι	ιδωσιν	ιδωσιν	G1492	V-2AAS-3P	εἴδω							0	0	0	0	0	0	1
521	557	Mat 	17	1	20	ἐι	ει	ει	G1488	V-PXI-2S	εἰμί	P	V		None	P-V--	None	1	0	0	1	0	0	1
522	557	Mat 	17	1	23	καʼ	κατ'	κατ	G2596	PREP	κατά	PC	E	C	Punctuation-P	PC-E-C-P	None	1	1	1	0	1	0	1
523	558	Mat 	17	2	6	ἔαμψε	ελλαμψεν	ελαμψεν	G2989	V-AAI-3S	λάμπω	P	V		Spelling-X	P-V--X	None	1	0	0	1	0	0	1
525	560	Mat 	17	4	5	ιπε	ειπεν	ειπεν	G2036	V-2AAI-3S	ἔπω	P	V		None	P-V--	None	1	0	0	1	0	0	1
526	565	Mat 	17	9	4	ἐὰ	εα	εα	G1436	INJ	ἔα	P	V		None	P-V--	None	1	0	0	1	0	0	1
527	566	Mat 	17	10	11	αματς	γραματεις	γραμματεις	G1122	N-APM	γραμματεύς	PC	V		Spelling-X	PC-V--X	None	1	1	0	1	0	0	1
528	567	Mat 	17	11	9	ἔρχεε	ερχετε	ερχεται	G2064	V-PNI-3S	ἔρχομαι	PC	V	I	Spelling-X	PC-V-I-X	None	1	1	0	1	0	1	1
529	568	Mat 	17	12	7	ἦλθε	ηλθεν	ηλθεν	G2064	V-2AAI-3S	ἔρχομαι							0	0	0	0	0	0	1
530	568	Mat 	17	12	12	ἀλλʼ	αλλ'	αλλ	G235	CONJ	ἀλλά	P	V	C	Punctuation-P	P-V-C-P	None	1	0	0	1	1	0	1
531	568	Mat 	17	12	18	ὅυτως	ουτως	ουτως	G3779	ADV	οὕτω							0	0	0	0	0	0	1
532	568	Mat 	17	12	26	ὑϖʼ	υπ'	υπ	G5259	PREP	ὑπό	P	V	C	Diacritic-D	P-V-C-D	None	1	0	0	1	1	0	1
533	570	Mat 	17	14	8		τω	τω	G3588	T-DSM	ὁ	P	V		None	P-V--	None	1	0	0	1	0	0	1
534	570	Mat 	17	14	9	ΙΗΣΟΥ	ιησου	ιησου	G2424	N-GSM	Ἰησοῦς	P	V		None	P-V--	None	1	0	0	1	0	0	1
535	570	Mat 	17	14	11	τι	τις	τις	G5101	I-NSM	τίς	P	V		None	P-V--	None	1	0	0	1	0	0	1
537	574	Mat 	17	18	8	ἀϖʼ	απ'	απ	G575	PREP	ἀπό	PC	E	I	Punctuation-P	PC-E-I-P	None	1	1	1	0	0	1	1
538	574	Mat 	17	18	13	ἑθαπέυη	εθεραπευσθη	εθεραπευθη	G2323	V-API-3S	θεραπεύω	PC	V		Spelling-X	PC-V--X	None	1	1	0	1	0	0	1
539	575	Mat 	17	19	7	καʼ	κατ'	κατ	G2596	PREP	κατά	PC	E	C	Punctuation-P	PC-E-C-P	None	1	1	1	0	1	0	1
540	575	Mat 	17	19	10	διὰ	δια	δια	G1223	PREP	διά							0	0	0	0	0	0	1
541	575	Mat 	17	19	11	τί	τι	τι	G5100	X-ASN	τίς	P	V		None	P-V--	None	1	0	0	1	0	0	1
542	575	Mat 	17	19	14	ἡδήθη	ηδυνηθη-	ηδυνηθη	G1410	V-AOI-3S-ATT	δύναμαι	PC	E		Punctuation-P	PC-E--P	None	1	1	1	0	0	0	1
543	62	Mat 	3	14	17	με;	με;	με	G3165	P-1AS	μέ	P	V		Punctuation-P	P-V--P	None	1	0	0	1	0	0	1
545	250	Mat 	9	15	15	μεʼ	μετ'	μετ	G3326	PREP	μετά	PC	E	I	Punctuation-P	PC-E-I-P	None	1	1	1	0	0	1	1
547	165	Mat 	6	27	7	ο	προσθηναι	προσθειναι	G4369	V-2AAN	προστίθημι	P	V		Spelling-X	P-V--X	None	1	0	0	1	0	0	1
548	358	Mat 	12	13	12	ἀοκαάη	αποκατασθη	αποκατεσταθη	G600	V-API-3S	ἀποκαθίστημι	P	V		Spelling-X	P-V--X	None	1	0	0	1	0	0	1
	2	Mat 	1	2	2	ἐννσε	εγενννσεν	εγεννησεν	G1080	V-AAI-3S	γεννάω	P	V		Spelling-X	P	None	1	0	0	1	0	0	1
	3	Mat 	1	3	19	ἐνυησε	εγεννυησεν	εγεννησεν	G1080	V-AAI-3S	γεννάω	P	V		Spelling-X	P	None	1	0	0	1	0	0	1
	27	Mat 	2	2	20	ἀυὸ	αυτον	αυτον	G846	P-ASM	αὐτός	P	V		None	P-V--	None	1	0	0	1	0	0	1
	31	Mat 	2	6	15	μοι	μοι	μοι	G3427	P-1DS	ἐγώ	P	V	C	Omission-O	P-V-C-O	TR uses γαρ instead	1	0	0	1	1	0	1
	31	Mat 	2	6	18	ὅ	ος	ος	G3739	R-NSM	ὅς	P	V		None	P-V--	None	1	0	0	1	0	0	1
	31	Mat 	2	6	19		τις	τις	G5101	I-NSM	τίς	P	V		None	P-V--	None	1	0	0	1	0	0	1
	33	Mat 	2	8	22	ἀυ	αυτον	αυτον	G846	P-ASM	αὐτός	P	V		None	P-V--	None	1	0	0	1	0	0	1
	36	Mat 	2	11	17	ἀυὸ	αυτον	αυτον	G846	P-ASM	αὐτός	P	V		None	P-V--	None	1	0	0	1	0	0	1
	55	Mat 	3	7	24	ὀρῆς;	οργησ;	οργης	G3709	N-GSF	ὀργή	P	V		Punctuation-P	P-V--P	None	1	0	0	1	0	0	1
	57	Mat 	3	9	21		του	του	G3588	T-GSM	ὁ	P	V		None	P-V--	None	1	0	0	1	0	0	1
	70	Mat 	4	5	11	ἔησε	εστησεν	εστησεν	G2476	V-AAI-3S	ἵστημι	P	V		None	P-V--	None	1	0	0	1	0	0	1
	75	Mat 	4	10	7	ὀίσω	οπισω	οπισω	G3694	ADV	ὀπίσω	P	V		None	P-V--	None	1	0	0	1	0	0	1
	75	Mat 	4	10	8	μ	μου	μου	G3450	P-1GS	ἐγώ	P	V		None	P-V--	None	1	0	0	1	0	0	1
	78	Mat 	4	13	4	ναζαρέθ	ναζαρεθ	ναζαρεθ	G3478	N-PRI	Ναζαρέθ	P	V		None	P-V--	None	1	0	0	1	0	0	1
	81	Mat 	4	16	7	ιδε	ειδεν	ειδεν	G1492	V-2AAI-3S	εἴδω	P	V		None	P-V--	None	1	0	0	1	0	0	1
	101	Mat 	5	11	14	ἡμῶ	ημων	ημων	G2257	P-1GP	ἐγώ	P	V	C	Spelling-X	P-V-C-X	ὑμῶν	1	0	0	1	1	0	1
	109	Mat 	5	19	9	ἐλαχίο	ελαχιστον	ελαχιστον	G1646	A-ASN	ἐλάχιστος	P	V		None	P-V--	None	1	0	0	1	0	0	1
	113	Mat 	5	23	10		και	και	G2532	CONJ	καί	P	V		None	P-V--	None	1	0	0	1	0	0	1
	113	Mat 	5	23	11	ἐκ	εκει	εκει	G1563	ADV	ἐκεῖ	P	V		None	P-V--	None	1	0	0	1	0	0	1
	119	Mat 	5	29	8	σκδαλίζῃ	σκανδαλιζη	σκανδαλιζη	G4624	V-PAS-3S	σκανδαλίζω	P	V		None	P-V--	None	1	0	0	1	0	0	1
	120	Mat 	5	30	21		του	του	G3588	T-GSM	ὁ	P	V		None	P-V--	None	1	0	0	1	0	0	1
	140	Mat 	6	2	3	οις	ποιεις	ποιεις	G4160	V-PAI-2S	ποιέω	P	V		None	P-V--	None	1	0	0	1	0	0	1
	140	Mat 	6	2	31	ἀυ	αυτου	αυτου	G846	P-GSM	αὐτός	P	V		None	P-V--	None	1	0	0	1	0	0	1
	144	Mat 	6	6	8	αμον	ταμειον	ταμειον	G5009	N-NSN	ταμεῖον	P	V		None	P-V--	None	1	0	0	1	0	0	1
	147	Mat 	6	9	1	Οὕ	ουτος	ουτος	G3778	D-NSM	οὗτος	P	V		None	P-V--	None	1	0	0	1	0	0	1
	152	Mat 	6	14	14	ἡμῶν	ημων	ημων	G2257	P-1GP	ἐγώ	P	V	C	Spelling-X	P-V-C-X	ὑμῶν	1	0	0	1	1	0	1
	163	Mat 	6	25	2		δε	δε	G1161	CONJ	δέ	P	V		None	P-V--	None	1	0	0	1	0	0	1
	176	Mat 	7	4	6	σο	σον	σον	G4674	S-2ASN	σός	P	V		None	P-V--	None	1	0	0	1	0	0	1
	176	Mat 	7	4	14	σο	σον	σον	G4674	S-2ASN	σός	P	V		None	P-V--	None	1	0	0	1	0	0	1
	190	Mat 	7	18	12	ποὺς	πους	πους	G4228	N-NSM	πούς	P	V		None	P-V--	None	1	0	0	1	0	0	1
	194	Mat 	7	22	5	ἐκεί	εκει	εκει	G1563	ADV	ἐκεῖ	P	V		None	P-V--	None	1	0	0	1	0	0	1
	194	Mat 	7	22	6	μῃ	μη	μη	G3361	PRT-N	μή	P	V		None	P-V--	None	1	0	0	1	0	0	1
	196	Mat 	7	24	3	ὅς	ος	ος	G3739	R-NSM	ὅς	P	V		None	P-V--	None	1	0	0	1	0	0	1
	196	Mat 	7	24	4	τις	τις	τις	G5101	I-NSM	τίς	P	V		None	P-V--	None	1	0	0	1	0	0	1
	198	Mat 	7	26	16	ὅς	ος	ος	G3739	R-NSM	ὅς	P	V		None	P-V--	None	1	0	0	1	0	0	1
	198	Mat 	7	26	17	ις	τις	τις	G5101	I-NSM	τίς	P	V		None	P-V--	None	1	0	0	1	0	0	1
	200	Mat 	7	28	4	ἐτέλεσε	ετελεσεν	ετελεσεν	G5055	V-AAI-3S	τελέω	P	V		None	P-V--	None	1	0	0	1	0	0	1
	202	Mat 	8	1	1	Καταβά	καταβαν	καταβαν	G2597	V-2AAP-ASN	καταβαίνω	P	V		None	P-V--	None	1	0	0	1	0	0	1
	202	Mat 	8	1	2	τι	τι	τι	G5100	X-ASN	τίς	P	V		None	P-V--	None	1	0	0	1	0	0	1
	205	Mat 	8	4	9	ἀλλὰ	αλλα	αλλα	G235	CONJ	ἀλλά	P	V		None	P-V--	None	1	0	0	1	0	0	1
	211	Mat 	8	10	13	ὁυ	ου	ου	G3739	R-GSM	ὅς	P	V		None	P-V--	None	1	0	0	1	0	0	1
	211	Mat 	8	10	18	σ	τος	τος	G3588	T-NSN	ὁ	P	V		None	P-V--	None	1	0	0	1	0	0	1
	211	Mat 	8	10	19	άυην	αυτην	αυτην	G846	P-ASF	αὐτός	P	V		None	P-V--	None	1	0	0	1	0	0	1
	214	Mat 	8	13	6	ἑκανάρχῃ	εκατονταρχη	εκατονταρχη	G1543	N-DSM	ἑκατοντάρχης	P	V		None	P-V--	None	1	0	0	1	0	0	1
	217	Mat 	8	16	4	οσήνεγκε	προσηνεγκεν	προσηνεγκεν	G4374	V-AAI-3S	προσφέρω	P	V		None	P-V--	None	1	0	0	1	0	0	1
	236	Mat 	9	1	3	ὁ	ο	ο	G3588	T-NSM	ὁ	P	V		None	P-V--	None	1	0	0	1	0	0	1
	236	Mat 	9	1	4	ΙΗΣΟΥΣ	ιησους	ιησους	G2424	N-NSM	Ἰησοῦς	P	V		None	P-V--	None	1	0	0	1	0	0	1
	243	Mat 	9	8	5	ἐθάυμασε	εθαυμασεν	εθαυμασεν	G2296	V-AAI-3S	θαυμάζω	P	V		None	P-V--	None	1	0	0	1	0	0	1
	248	Mat 	9	13	6	ἔλεοσ	ελεος	ελεος	G1656	N-NSM	ἔλεος	P	V		None	P-V--	None	1	0	0	1	0	0	1
	253	Mat 	9	18	23	ἐϖ̓	επ̓	επ	G1909	PREP	ἐπί	P	V		None	P-V--	None	1	0	0	1	0	0	1
	256	Mat 	9	21	9	ἷματίσυ	ιματισυ	ιματισυ	G2439	V-RPP-ASM	ἱματίζω	P	V		None	P-V--	None	1	0	0	1	0	0	1
	265	Mat 	9	30	3	ἀυ	αυτου	αυτου	G846	P-GSM	αὐτός	P	V		None	P-V--	None	1	0	0	1	0	0	1
	267	Mat 	9	32	5	οσήνεγκε	προσηνεγκεν	προσηνεγκεν	G4374	V-AAI-3S	προσφέρω	P	V		None	P-V--	None	1	0	0	1	0	0	1
	273	Mat 	9	38	8	κ	εκ	εκ	G1537	PREP	ἐκ	P	V		None	P-V--	None	1	0	0	1	0	0	1
	273	Mat 	9	38	9	βάλῃ	βαλη	βαλη	G906	V-2AAS-3S	βάλλω	P	V		None	P-V--	None	1	0	0	1	0	0	1
	274	Mat 	10	1	10	κατὰ	κατα	κατα	G2596	PREP	κατά	P	V		None	P-V--	None	1	0	0	1	0	0	1
	284	Mat 	10	11	15		και	και	G2532	CONJ	καί	P	V		None	P-V--	None	1	0	0	1	0	0	1
	284	Mat 	10	11	16	ἐκ	εκει	εκει	G1563	ADV	ἐκεῖ	P	V		None	P-V--	None	1	0	0	1	0	0	1
	304	Mat 	10	31	7	ἡμς	ημεις	ημεις	G2249	P-1NP	ἐγώ	P	V		None	P-V--	None	1	0	0	1	0	0	1
	305	Mat 	10	32	3	ὅ	ος	ος	G3739	R-NSM	ὅς	P	V		None	P-V--	None	1	0	0	1	0	0	1
	305	Mat 	10	32	4	ς	τις	τις	G5101	I-NSM	τίς	P	V		None	P-V--	None	1	0	0	1	0	0	1
	313	Mat 	10	40	4	ἐμὴ	εμη	εμη	G1699	S-1NSF	ἐμός	P	V		None	P-V--	None	1	0	0	1	0	0	1
	315	Mat 	10	42	20	ἀπολέσ	απολεσει	απολεσαι	G622	V-AAN	ἀπόλλυμι	P	V		None	P-V--	None	1	0	0	1	0	0	1
	333	Mat 	11	18	4	μή	μη	μη	G3361	PRT-N	μή	P	V		None	P-V--	None	1	0	0	1	0	0	1
	333	Mat 	11	18	5		τε	τε	G5037	PRT	τέ	P	V		None	P-V--	None	1	0	0	1	0	0	1
	333	Mat 	11	18	7	μή	μη	μη	G3361	PRT-N	μή	P	V		None	P-V--	None	1	0	0	1	0	0	1
	333	Mat 	11	18	8		τε	τε	G5037	PRT	τέ	P	V		None	P-V--	None	1	0	0	1	0	0	1
	333	Mat 	11	18	12	ὅτι	οτι	οτι	G3754	CONJ	ὅτι	P	V		None	P-V--	None	1	0	0	1	0	0	1
	352	Mat 	12	7	6	ἔλεοσ	ελεος	ελεος	G1656	N-NSM	ἔλεος	P	V		None	P-V--	None	1	0	0	1	0	0	1
	371	Mat 	12	26	7	ἐκ	εκ	εκ	G1537	PREP	ἐκ	P	V		None	P-V--	None	1	0	0	1	0	0	1
	371	Mat 	12	26	8	βάλλ	βαλλει	βαλλει	G906	V-PAI-3S	βάλλω	P	V		None	P-V--	None	1	0	0	1	0	0	1
	373	Mat 	12	28	1	ἐι	ειδε	ειδε	G1492	V-2AAI-3S	εἴδω	P	V		None	P-V--	None	1	0	0	1	0	0	1
	375	Mat 	12	30	7	μοῦ	μου	μου	G3450	P-1GS	ἐγώ	P	V		None	P-V--	None	1	0	0	1	0	0	1
	377	Mat 	12	32	3	ἐὰ	εαν	εαν	G1437	COND	ἐάν	P	V		None	P-V--	None	1	0	0	1	0	0	1
	377	Mat 	12	32	22	ὀυ	ου	ου	G3739	R-GSM	ὅς	P	V		None	P-V--	None	1	0	0	1	0	0	1
	380	Mat 	12	35	5		των	των	G3588	T-GPF	ὁ	P	V		None	P-V--	None	1	0	0	1	0	0	1
	389	Mat 	12	44	11	ἐλθὼ	ελθων	ελθων	G2064	V-2AAP-NSM	ἔρχομαι	P	V		None	P-V--	None	1	0	0	1	0	0	1
	403	Mat 	13	8	3	ἔπεσα	επεσαν	επεσαν	G4098	V-2AAI-3P	πίπτω	P	V		None	P-V--	None	1	0	0	1	0	0	1
	410	Mat 	13	15	29	σιῶσι	συνιωσιν	συνιωσιν	G4920	V-PAS-3P	συνίημι	P	V		None	P-V--	None	1	0	0	1	0	0	1
	422	Mat 	13	27	10	ὀυ	ου	ου	G3739	R-GSM	ὅς	P	V		None	P-V--	None	1	0	0	1	0	0	1
	427	Mat 	13	32	1	ὃ	ον	ον	G3739	R-ASM	ὅς	P	V		None	P-V--	None	1	0	0	1	0	0	1
	434	Mat 	13	39	5	είρω	σπειρων	σπειρων	G4687	V-PAP-NSM	σπείρω	P	V		None	P-V--	None	1	0	0	1	0	0	1
	447	Mat 	13	52	21	βά	βαλλει	βαλλει	G906	V-PAI-3S	βάλλω	P	V		None	P-V--	None	1	0	0	1	0	0	1
	449	Mat 	13	54	1	ἐκθε	εκειθεν	εκειθεν	G1564	ADV	ἐκεῖθεν	P	V		None	P-V--	None	1	0	0	1	0	0	1
	449	Mat 	13	54	15	ἐκ	εκ	εκ	G1537	PREP	ἐκ	P	V		None	P-V--	None	1	0	0	1	0	0	1
	456	Mat 	14	3	11	ἐις	εις	εις	G1519	PREP	εἰς	P	V		None	P-V--	None	1	0	0	1	0	0	1
	456	Mat 	14	3	12	φυλακ	φυλακην	φυλακην	G5438	N-ASF	φυλακή	P	V		None	P-V--	None	1	0	0	1	0	0	1
	459	Mat 	14	6	1	γενεσίοισ	γενεσιοις	γενεσιοις	G1077	N-DPN	γενέσια	P	V		None	P-V--	None	1	0	0	1	0	0	1
	462	Mat 	14	9	10	τού	του	του	G3588	T-GSM	ὁ	P	V		None	P-V--	None	1	0	0	1	0	0	1
	462	Mat 	14	9	14	ἀυτῇ	αυτη	αυτη	G846	P-DSF	αὐτός	P	V		None	P-V--	None	1	0	0	1	0	0	1
	474	Mat 	14	21	6	ὡς	ως	ως	G5613	ADV	ὡς	P	V		None	P-V--	None	1	0	0	1	0	0	1
	475	Mat 	14	22	20	ν	ον	ον	G3739	R-ASM	ὅς	P	V		None	P-V--	None	1	0	0	1	0	0	1
	478	Mat 	14	25	13		την	την	G3588	T-ASF	ὁ	P	V		None	P-V--	None	1	0	0	1	0	0	1
	478	Mat 	14	25	14	άλααν	θαλασσαν	θαλασσαν	G2281	N-ASF	θάλασσα	P	V		None	P-V--	None	1	0	0	1	0	0	1
	484	Mat 	14	31	11	ιπε	ειπεν	ειπεν	G2036	V-2AAI-3S	ἔπω	P	V		None	P-V--	None	1	0	0	1	0	0	1
	490	Mat 	15	1	3		του	του	G3588	T-GSM	ὁ	P	V		None	P-V--	None	1	0	0	1	0	0	1
	492	Mat 	15	3	12		εν	εν	G1722	PREP	ἔν	P	V		None	P-V--	None	1	0	0	1	0	0	1
	494	Mat 	15	5	9		και	και	G2532	CONJ	καί	P	V		None	P-V--	None	1	0	0	1	0	0	1
	495	Mat 	15	6	4	μήσ	τιμησει	τιμησει	G5091	V-FAI-3S	τιμάω	P	V		None	P-V--	None	1	0	0	1	0	0	1
	503	Mat 	15	14	12	ἀμφό	αμφο	αμφοδου	G296	N-GSN	ἄμφοδον	P	V		None	P-V--	None	1	0	0	1	0	0	1
	506	Mat 	15	17	8	ὸ	ο	ο	G3588	T-NSM	ὁ	P	V		None	P-V--	None	1	0	0	1	0	0	1
	508	Mat 	15	19	8	φθόνοι	φθονοι	φθονοι	G5355	N-NPM	φθόνος	P	V		None	P-V--	None	1	0	0	1	0	0	1
	511	Mat 	15	22	10	ἔκραζε	εκραζεν	εκραζεν	G2896	V-IAI-3S	κράζω	P	V		None	P-V--	None	1	0	0	1	0	0	1
	511	Mat 	15	22	16	ὸς	υιος	υιος	G5207	N-NSM	υἱός	P	V		None	P-V--	None	1	0	0	1	0	0	1
	514	Mat 	15	25	4	οσεκύνησε	προσεκυνησεν	προσεκυνησεν	G4352	V-AAI-3S	προσκυνέω	P	V		None	P-V--	None	1	0	0	1	0	0	1
	519	Mat 	15	30	3	ὸς	προς	προς	G4314	PREP	πρός	P	V		None	P-V--	None	1	0	0	1	0	0	1
	519	Mat 	15	30	4	ἀυ	αυτον	αυτον	G846	P-ASM	αὐτός	P	V		None	P-V--	None	1	0	0	1	0	0	1
	521	Mat 	15	32	30	μή	μη	μη	G3361	PRT-N	μή	P	V		None	P-V--	None	1	0	0	1	0	0	1
	521	Mat 	15	32	31	ποτε	ποτε	ποτε	G4219	PRT-I	πότε	P	V		None	P-V--	None	1	0	0	1	0	0	1
	527	Mat 	15	38	5	τετρακιίλιοι	τετρακισσχιλιοι	τετρακισχιλιοι	G5070	A-NPM	τετρακισχίλιοι	P	V		Spelling-X	P-V--X	None	1	0	0	1	0	0	1
	528	Mat 	15	39	5	ἀνέϐη	ανεβη	ανεβη	G305	V-2AAI-3S	ἀναβαίνω	P	V		None	P-V--	None	1	0	0	1	0	0	1
	529	Mat 	16	1	14	δξαι	δειξαι	δειξαι	G1166	V-AAN	δεικνύω	P	V		None	P-V--	None	1	0	0	1	0	0	1
	539	Mat 	16	11	7	ἄρτον	αρτον	αρτον	G740	N-ASM	ἄρτος	P	V		None	P-V--	None	1	0	0	1	0	0	1
	539	Mat 	16	11	10	οσέχε	προσεχετε	προσεχειν	G4337	V-PAN	προσέχω	P	V		Spelling-X	P-V--X	None	1	0	0	1	0	0	1
	540	Mat 	16	12	12	ἀὰ	αλλα	αλλα	G235	CONJ	ἀλλά	P	V		None	P-V--	None	1	0	0	1	0	0	1
	547	Mat 	16	19	11	ὅσα	οσα	οσα	G3745	K-APN	ὅσος	P	V		None	P-V--	None	1	0	0	1	0	0	1
	547	Mat 	16	19	12	ἂ	αν	αν	G302	PRT	ἄν	P	V		None	P-V--	None	1	0	0	1	0	0	1
	547	Mat 	16	19	18	εδεα	δεδεμενα	δεδεμενα	G1210	V-RPP-NPN	δέω	P	V		None	P-V--	None	1	0	0	1	0	0	1
	547	Mat 	16	19	23	ὅσα	οσα	οσα	G3745	K-APN	ὅσος	P	V		None	P-V--	None	1	0	0	1	0	0	1
	547	Mat 	16	19	24	ἂ	αν	αν	G302	PRT	ἄν	P	V		None	P-V--	None	1	0	0	1	0	0	1
	547	Mat 	16	19	30	λελυα	λελυμενα	λελυμενα	G3089	V-RPP-NPN	λύω	P	V		None	P-V--	None	1	0	0	1	0	0	1
	556	Mat 	16	28	7	ἐώτω	εστωτων	εστωτων	G2476	V-RAP-GPM	ἵστημι	P	V		None	P-V--	None	1	0	0	1	0	0	1
	556	Mat 	16	28	8	ὅι	οι	οι	G3588	T-NPM	ὁ	P	V		None	P-V--	None	1	0	0	1	0	0	1
	556	Mat 	16	28	12	εύσον	γευσονται	γευσονται	G1089	V-FDI-3P	γεύομαι	P	V		None	P-V--	None	1	0	0	1	0	0	1
	557	Mat 	17	1	20	ἐι	ει	ει	G1488	V-PXI-2S	εἰμί	P	V		None	P-V--	None	1	0	0	1	0	0	1
	565	Mat 	17	9	4	ἐὰ	εα	εα	G1436	INJ	ἔα	P	V		None	P-V--	None	1	0	0	1	0	0	1
	570	Mat 	17	14	8		τω	τω	G3588	T-DSM	ὁ	P	V		None	P-V--	None	1	0	0	1	0	0	1
	570	Mat 	17	14	9	ΙΗΣΟΥ	ιησου	ιησου	G2424	N-GSM	Ἰησοῦς	P	V		None	P-V--	None	1	0	0	1	0	0	1
	570	Mat 	17	14	11	τι	τις	τις	G5101	I-NSM	τίς	P	V		None	P-V--	None	1	0	0	1	0	0	1
	62	Mat 	3	14	17	με;	με;	με	G3165	P-1AS	μέ	P	V		Punctuation-P	P-V--P	None	1	0	0	1	0	0	1
	581	Mat 	17	25	25	ὰ	τα	τα	G3588	T-APN	ὁ	P	V		None	P-V--	None	1	0	0	1	0	0	1
	583	Mat 	17	27	10	βάε	βαλλε	βαλε	G906	V-2AAM-2S	βάλλω	P	V		Spelling-X	P-V--X	None	1	0	0	1	0	0	1
	586	Mat 	18	3	20		του	του	G3588	T-GSM	ὁ	P	V		None	P-V--	None	1	0	0	1	0	0	1
	587	Mat 	18	4	1	ὅς	ος	ος	G3739	R-NSM	ὅς	P	V		None	P-V--	None	1	0	0	1	0	0	1
	587	Mat 	18	4	2	ις	τις	τις	G5101	I-NSM	τίς	P	V		None	P-V--	None	1	0	0	1	0	0	1
	588	Mat 	18	5	6	ιοῦ	τοιουτο	τοιουτο	G5108	D-NPM	τοιοῦτος	P	V		None	P-V--	None	1	0	0	1	0	0	1
	588	Mat 	18	5	12	δέχη	δεχηται	δεχεται	G1209	V-PNI-3S	δέχομαι	P	V		Spelling-X	P-V--X	None	1	0	0	1	0	0	1
	23	Mat 	1	23	11	καλέσσι	καλεσουσι	καλεσουσιν	G2564	V-FAI-3P	καλέω	P	V	I	Spelling-X	P-V-I-X	None	1	0	0	1	0	1	1
	29	Mat 	2	4	11	παῤ	παρ	παρ	G3844	PREP	παρά	P	V	C	Diacritic-D	P-V-C-D	None	1	0	0	1	1	0	1
	32	Mat 	2	7	8	παῤ	παρ	παρ	G3844	PREP	παρά	P	V	C	Diacritic-D	P-V-C-D	None	1	0	0	1	1	0	1
	37	Mat 	2	12	9	δἰ	δι	δι'	G1161	CONJ	δέ	P	V	C	Punctuation-P	P-V-C-P	None	1	0	0	1	1	0	1
	41	Mat 	2	16	22	πᾶσι	πασι	πασιν	G3956	A-DPN	πᾶς	P	V	I	Spelling-X	P-V-I-X	 shows πάσιν	1	0	0	1	0	1	1
	95	Mat 	5	5	6	κληρονομήσσι	κληρονομησουσι	κληρονομησουσιν	G2816	V-FAI-3P	κληρονομέω	P	V	I	Spelling-X	P-V-I-X	None	1	0	0	1	0	1	1
	101	Mat 	5	11	14	ἡμῶ	ημων	ημων	G2257	P-1GP	ἐγώ	P	V	C	Spelling-X	P-V-C-X	ὑμῶν	1	0	0	1	1	0	1
	105	Mat 	5	15	2	κσι	καιουσι	καιουσιν	G2545	V-PAI-3P	καίω	P	V	I	Spelling-X	P-V-I-X	None	1	0	0	1	0	1	1
	106	Mat 	5	16	16	δοάσωσι	δοξασωσι	δοξασωσιν	G1392	V-AAS-3P	δοξάζω	P	V	I	Spelling-X	P-V-I-X	None	1	0	0	1	0	1	1
	152	Mat 	6	14	14	ἡμῶν	ημων	ημων	G2257	P-1GP	ἐγώ	P	V	C	Spelling-X	P-V-C-X	ὑμῶν	1	0	0	1	1	0	1
	185	Mat 	7	13	24	δʼι	δι	δι'	G1161	CONJ	δέ	P	V	C	Punctuation-P	P-V-C-P	None	1	0	0	1	1	0	1
	218	Mat 	8	17	15	ἔλαβε	ελαβε	ελαβεν	G2983	V-2AAI-3S	λαμβάνω	P	V	I	Spelling-X	P-V-I-X	None	1	0	0	1	0	1	1
	297	Mat 	10	24	2	ἔι	εστι	εστιν	G2076	V-PXI-3S	εἰμί	P	V	C	Spelling-X	P-V-C-X	ἐστιν	1	0	0	1	1	0	1
	310	Mat 	10	37	9	ἕι	εστι	εστιν	G2076	V-PXI-3S	εἰμί	P	V	C	Spelling-X	P-V-C-X	ἐστιν	1	0	0	1	1	0	1
	310	Mat 	10	37	21	ἔι	εστι	εστιν	G2076	V-PXI-3S	εἰμί	P	V	C	Spelling-X	P-V-C-X	ἐστιν	1	0	0	1	1	0	1
	388	Mat 	12	43	11	δʼι	δι	δι'	G1161	CONJ	δέ	P	V	C	Punctuation-P	P-V-C-P	None	1	0	0	1	1	0	1
	441	Mat 	13	46	7	πέακε	πεπρακε	πεπρακεν	G4097	V-RAI-3S	πιπράσκω	P	V	I	Spelling-X	P-V-I-X	None	1	0	0	1	0	1	1
	467	Mat 	14	14	11	ἀυτοῖσ	αυτοις	αυτοις	G846	P-DPM	αὐτός	P	V	I	Translation-T	P-V-I-T	None	1	0	0	1	0	1	1
	483	Mat 	14	30	10	ἔκραξε	εκραξε	εκραξεν	G2896	V-AAI-3S	κράζω	P	V	I	Spelling-X	P-V-I-X	None	1	0	0	1	0	1	1
	515	Mat 	15	26	6	ἔι	εστι	εστιν	G2076	V-PXI-3S	εἰμί	P	V	C	Spelling-X	P-V-C-X	ἐστιν	1	0	0	1	1	0	1
	525	Mat 	15	36	11	ἔκλασε	εκλασε	εκλασεν	G2806	V-AAI-3S	κλάω	P	V	I	Spelling-X	P-V-I-X	None	1	0	0	1	0	1	1
	584	Mat 	18	1	14		εστι	εστιν	G2076	V-PXI-3S	εἰμί	P	V	C	Spelling-X	P-V-C-X	ἐστιν	1	0	0	1	1	0	1
	246	Mat	9	11	18	διδάσκαλ̊	διδασκαλ̊	διδασκαλος	G1320	N-NSM	διδάσκαλος	P	V		Punctuation-P	P-V--P	Degree sybolizes ος	1	0	0	1	0	0	1
	582	Mat	17	26	11	ΙΗΤΟΥΣ	ιητους	ιησους	G2424	N-NSM	Ἰησοῦς	P	V		Spelling-X	P-V--X	Likely spelling error	1	0	0	1	0	0	1
	590	Mat	18	7	16	δʼι	δι	δι'	G1161	CONJ	δέ	P	V	C	Punctuation-P	P-V-C-P	None	1	0	0	1	1	0	1
	591	Mat	18	8	13	ἀυ	αυτον	αυτον	G846	P-ASM	αὐτός	P	V		Spelling-X	P-V--X	None	1	0	0	1	0	0	1
	591	Mat	18	8	15	βάε	βαλλε	βαλε	G906	V-2AAM-2S	βάλλω	P	V		Spelling-X	P-V--X	None	1	0	0	1	0	0	1
	595	Mat	18	12	18	νενήκοντα	εννενηκοντα	εννενηκονταεννεα	G1768	A-NUI	ἐννενηκονταεννέα	P	V	C	Spacing-Y	P-V-C-Y	None	1	0	0	1	1	0	1
	595	Mat	18	12	19	νέα	εννεα	εννενηκονταεννεα	G1768	A-NUI	ἐννενηκονταεννέα	P	V		Spacing-Y	P-V--Y	None	1	0	0	1	0	0	1
	598	Mat	18	15	3	ἄμαρήσ	αμαρτησει	αμαρτησει	G264	V-FAI-3S	ἁμαρτάνω	P	V	I	Spelling-X	P-V-I-X	None	1	0	0	1	0	1	1
	598	Mat	18	15	20	ἀκούσ	ακουσει	ακουσει	G191	V-FAI-3S	ἀκούω	P	V	I	Spelling-X	P-V-I-X	None	1	0	0	1	0	1	1
	599	Mat	18	16	7	σε	σε	σε	G4571	P-2AS	σύ	P	V	I	Spelling-X	P-V-I-X	None	1	0	0	1	0	1	1
	609	Mat	18	26	15	ἀπώοσω	απωδοσω	αποδωσω	G591	V-FAI-1S	ἀποδίδωμι	P	V	CI	Spelling-X	P-V-CI-X	None	1	0	0	1	1	1	1
	622	Mat	19	4	13	ἄῤῥε	αρρεν	αρσεν	G730	N-ASN	ἄρῥην	P	V	CI	Spelling-X	P-V-CI-X	None	1	0	0	1	1	1	1
	623	Mat	19	5	13	κοηθήσετ	κολληθησεται	προσκολληθησεται	G4347	V-FPI-3S	προσκολλάω	P	V	C	Spelling-X	P-V-C-X	TR adds prefix: προσ	1	0	0	1	1	0	1
	630	Mat	19	12	8	ἐγενήθησα	εγενηθησαν	εγεννηθησαν	G1080	V-API-3P	γεννάω	P	V		Spelling-X	P-V--X	None	1	0	0	1	0	0	1
	630	Mat	19	12	12	ἐυνοῦχι	ευνουχι	ευνουχοι	G2135	N-NPM	εὐνοῦχος	P	V		Spelling-X	P-V--X	None	1	0	0	1	0	0	1
	638	Mat	19	20	7	ἐφύλαξα	εφυλαξα	εφυλαξαμην	G5442	V-AMI-1S	φυλάσσω	P	V	CI	Spelling-X	P-V-CI-X	None	1	0	0	1	1	1	1
	642	Mat	19	24	1		και	και	G2532	CONJ	καί	P	V		Omission-O	P-V--O	Omitted in TR	1	0	0	1	0	0	1
	646	Mat	19	28	26	καθεήσεε	καθεσθησεσθε	καθισεσθε	G2523	V-FDI-2P	καθίζω	P	V	C	Spelling-X	P-V-C-X	None	1	0	0	1	1	0	1
	652	Mat	20	4	2	κείνοις	εκεινοις	εκεινοις	G1565	D-DPM	ἐκεῖνος	P	V		Spelling-X	P-V--X	TR uses κἀκείνοις	1	0	0	1	0	0	1
	653	Mat	20	5	2		δε	δε	None	None	None	P	V		Omission-O	P-V--O	Omitted in TR	1	0	0	1	0	0	1
	653	Mat	20	5	7	άτ	ενατην	εννατην	G1766	A-ASF	ἔννατος	P	V		Spelling-X	P-V--X	None	1	0	0	1	0	0	1
	655	Mat	20	7	1	γουσι	γουσιν	λεγουσιν	G3004	V-PAI-3P	λέγω	P	V	C	Printing-Z	P-V-C-Z	mss page 46 does not onerlap with page 47 per previous printing practice.  Apparent oversight in Froben's normal process resulting in an incorrect spelling of λέγουσιν.	1	0	0	1	1	0	1
	655	Mat	20	7	17	ἂ	αν	αν	G302	PRT	ἄν	P	V	C	Spelling-X	P-V-C-X	TR uses ἐὰν	1	0	0	1	1	0	1
	658	Mat	20	10	7	λο	πλειον	πλειον	G4119	A-ASN-C	πλείων	P	V	I	Spelling-X	P-V-I-X	None	1	0	0	1	0	1	1
	659	Mat	20	11	4	κατὰ	κατατου	κατα	G2596	PREP	κατά	P	V		Printing-Z	P-V--Z	mss. shows κατὰ without spacing as in TR which shows κατὰ τοῦ (κατὰ ). Apparent printing error leading to spacing error.	1	0	0	1	0	0	1
	665	Mat	20	17	6	ἱεροσώλυμα	ιεροσωλυμα	ιεροσολυμα	G2414	N-ASF	Ἱεροσόλυμα	P	V		Spelling-X	P-V--X	ἱεροσώλυμα with ώ vs. ο.	1	0	0	1	0	0	1
	667	Mat	20	19	2	αραδώσουσϊ	παραδωσουσι	παραδωσουσιν	G3860	V-FAI-3P	παραδίδωμι	P	V		Spelling-X	P-V--X	None	1	0	0	1	0	0	1
	668	Mat	20	20	17	αῤ	παρ	παρ	G3844	PREP	παρά	P	V	C	Diacritic-D	P-V-C-D	None	1	0	0	1	1	0	1
	671	Mat	20	23	15	βαϊΐσεε	βαπτισθισεσθε	βαπτισθησεσθε	G907	V-FPI-2P	βαπτίζω	P	V		Spelling-X	P-V--X	TR uses ή vs. ΐ	1	0	0	1	0	0	1
	677	Mat	20	29	6	ἠκολθησ	ηκολουθης	ηκολουθησεν	G190	V-AAI-3S	ἀκολουθέω	P	V	CI	Printing-Z	P-V-CI-Z	mss. shows ἠκολθησ  which omits ε before the .  Apparent prininting error.	1	0	0	1	1	1	1
	677	Mat	20	29	7		ν	ηκολουθησεν	G190	V-AAI-3S	ἀκολουθέω	P	V	CI	Printing-Z	P-V-CI-Z	mss. shows ἠκολθησ  which omits ε before the .  Apparent prininting error.	1	0	0	1	1	1	1
	679	Mat	20	31	5	ἀυὺς	αυτους	αυτους	G846	P-APM	αὐτός	P	V	CI	Spelling-X	P-V-CI-X	None	1	0	0	1	1	1	1
	681	Mat	20	33	6	ὑμῶ	υμων	υμων	G5216	P-2GP	σύ	P	V	C	Spelling-X	P-V-C-X	None	1	0	0	1	1	0	1
	682	Mat	20	34	4	ΙΗΤΟΥΣ	ιητους	ιησους	G2424	N-NSM	Ἰησοῦς	P	V		Spelling-X	P-V--X	mss. shows ΙΗΤΟΥΣ vs ΙΗΣΟΥΣ.  Apparent prining error causing incorrect spelling.	1	0	0	1	0	0	1
	683	Mat	21	1	3	ἤισε	ηγγισεν	ηγγισεν	G1448	V-AAI-3S	ἐγγίζω	P	V	CI	Spelling-X	P-V-CI-X	TR uses ἤγγισαν	1	0	0	1	1	1	1
	683	Mat	21	1	7	ἦλθε	ηλθεν	ηλθεν	G2064	V-2AAI-3S	ἔρχομαι	P	V	CI	Spelling-X	P-V-CI-X	TR uses ἦλθον	1	0	0	1	1	1	1
	685	Mat	21	3	16	ἀοέ	αποστελλει	αποστελει	G649	V-FAI-3S	ἀποστέλλω	P	V		Spelling-X	P-V--X	None	1	0	0	1	0	0	1
	687	Mat	21	5	11	ᾶος	πραος	πραος	G4235	N-NSM	πράος	P	V	CI	Spelling-X	P-V-CI-X	TR uses πραῢς	1	0	0	1	1	1	1
	689	Mat	21	7	15	ἐκάθισει	ετκαθισει	επεκαθισεν	G1940	V-AAI-3S	ἐπικαθίζω	P	V	C	Printing-Z	P-V-C-Z	"mss. bears handmarked correction by superscripting κ above the  in the incorrectly printed and spelled: ἐάθισει.
TR uses ἐπεκάθισεν"	1	0	0	1	1	0	1
	689	Mat	21	7	17	ἀυ	αυτης	αυτης	G846	P-GSF	αὐτός	P	V	CI	Spelling-X	P-V-CI-X	None	1	0	0	1	1	1	1
	690	Mat	21	8	20	ἐρώνυο	εστρωνυον	εστρωννυον	G4766	V-IAI-3P	στρώννυμι	P	V		Spelling-X	P-V--X	None	1	0	0	1	0	0	1
	693	Mat	21	11	12	ναζαρέθ	ναζαρεθ	ναζαρετ	G3478	N-PRI	Ναζαρέθ	P	V		Spelling-X	P-V--X	None	1	0	0	1	0	0	1
	694	Mat	21	12	24	κολυβιῶ	κολυβιστων	κολλυβιστων	G2855	N-GPM	κολλυβιστής	P	V		Spelling-X	P-V--X	None	1	0	0	1	0	0	1
	694	Mat	21	12	30	ϖωλοτ῀	πωλουντ῀	πωλουντων	G4453	V-PAP-GPM	πωλέω	P	V		Punctuation-P	P-V--P	nuance shorthand use of circumflex for ων inflection	1	0	0	1	0	0	1
	695	Mat	21	13	12	ἀυὸυ	αυτου	αυτου	G846	P-GSM	αὐτός	P	V	CI	Spelling-X	P-V-CI-X	None	1	0	0	1	1	1	1
	2	Mat 	1	2	1	Αϐραὰμ	αϐρααμ	αϐρ	None	None	None				None	---	None	0	0	0	0	0	0	1
	674	Mat 	20	26	1	ὀυχʾὅυτως	ουχʾουτως	ουχ	G3756	PRT-N	οὐ	P	V	CI	Diacritic-D	P-V-CI-D	None	1	0	0	1	1	1	1
	18	Mat 	1	18	9	μνηήσης	μνηστευθησης	μνηστευθεισης	G3423	V-APP-GSF	μνηστεύω	P	V		Spelling-X	P-V--X	None	1	0	0	1	0	0	1
	674	Mat 	20	26	1	ὀυχʾ	ουχʾ	ουχ	G3756	PRT-N	οὐ	P	V	CI	Diacritic-D	P-V-CI-D	None	1	0	0	1	1	1	1
	674	Mat 	20	26	6	ἁλλʾ	αλλʾ	αλλ'	G235	CONJ	ἀλλά	P	V		Diacritic-D	P-V--D	None	1	0	0	1	0	0	1
	704	Mat 	21	22	8	οσευχῇ	τροσευχη	προσεχη	G4337	V-PAM-2S	προσέχω	P	V	C	Spelling-X	P-V-C-X	 shows πρ => οσευχῇ -> προσεχη	1	0	0	1	1	0	1
	708	Mat 	21	26	11	ιχο	ειχον	εχουσιν	G2192	V-PAI-3P	ἔχω	P	V	C	Spelling-X	P-V-C-X	 shows ἔχουσιν	1	0	0	1	1	0	1
	710	Mat 	21	28	6	ιχεέκνα	ειχετεκνα	ειχεν	G2192	V-IAI-3S	ἔχω	P	V	C	Spelling-X	P-V-C-X	 shows two words => εἶχεν τέκνα	1	0	0	1	1	0	1
	715	Mat 	21	33	8	ὅ	ος	οστις	G3748	R-NSM	ὅστις	P	V	C	Spacing-Y	P-V-C-Y	 shows ὅστις	1	0	0	1	1	0	1
	720	Mat 	21	38	9	ἑ	ε	εαυτοις	G1438	F-3DPM	ἑαυτού	P	V	C	Spacing-Y	P-V-C-Y	 shows ἑαυτοῖς	1	0	0	1	1	0	1
	720	Mat 	21	38	10	αυτοῖς	αυτοις	εαυτοις	G1438	F-3DPM	ἑαυτού	P	V	C	Spacing-Y	P-V-C-Y	 shows ἑαυτοῖς	1	0	0	1	1	0	1
	724	Mat 	21	42	25	ἔι	εστι	εστιν	G2076	V-PXI-3S	εἰμί	P	V	C	Spelling-X	P-V-C-X	ἐστιν	1	0	0	1	1	0	1
	725	Mat 	21	43	16	ϖοιοτι	ποιουνντι	ποιουντι	G4160	V-PAP-DSN	ποιέω	P	V		Spelling-X	P-V--X	 shows ποιοῦντι	1	0	0	1	0	0	1
	728	Mat 	21	46	5	ἐφωβήθησα	εφωβηθησαν	εφοβηθησαν	G5399	V-AOI-3P	φοβέω	P	V	C	Spelling-X	P-V-C-X	 shows ἐφοβήθησαν	1	0	0	1	1	0	1
	730	Mat 	22	2	1	Ομοιώθη	ομοιωθη	ωμοιωθη	G3666	V-API-3S	ὁμοιόω	P	V	C	Spelling-X	P-V-C-X	None	1	0	0	1	1	0	1
	730	Mat 	22	2	8	ὅς	ος	οστις	G3748	R-NSM	ὅστις	P	V	C	Spacing-Y	P-V-C-Y	ὅστις	1	0	0	1	1	0	1
	730	Mat 	22	2	9	τις	τις	οστις	G3748	R-NSM	ὅστις	P	V	C	Spacing-Y	P-V-C-Y	 shows ὅστις	1	0	0	1	1	0	1
	733	Mat 	22	5	5	ὅσ	ος	ο	G3588	T-NSM	ὁ	P	V	C	Spelling-X	P-V-C-X	 shows ὁ	1	0	0	1	1	0	1
	733	Mat 	22	5	11	ὄς	ος	ος	None	None	ὁ	P	V		Spelling-X	P-V--X	 shows ὁ	1	0	0	1	0	0	1
	737	Mat 	22	9	10	ἐὰ	εαν	αν	G302	PRT	ἄν	P	V	C	Spelling-X	P-V-C-X	 shows ἂν	1	0	0	1	1	0	1
	741	Mat 	22	13	11	ἐκβάλλετε	εκβαλλετε	εκβαλετε	G1544	V-2AAM-2P	ἐκβάλλω	P	V	C	Spelling-X	P-V-C-X	 shows ἐκβάλετε	1	0	0	1	1	0	1
	742	Mat 	22	14	4	ὁ	ο	ο	G3588	T-NSM	ὁ	P	V	C	Omission-O	P-V-C-O	 omits ὁ	1	0	0	1	1	0	1
	743	Mat 	22	15	5	σϐούλῖο	συνβουλιον	συμβουλιον	G4824	N-ASN	συμβούλιον	P	V		Spelling-X	P-V--X	 shows συμβούλιον	1	0	0	1	0	0	1
	751	Mat 	22	23	14	ἐϖϊρώτησα	επιρωτησαν	επηρωτησαν	G1905	V-AAI-3P	ἐπερωτάω	P	V	C	Spelling-X	P-V-C-X	 shows ἐπηρώτησαν	1	0	0	1	1	0	1
	753	Mat 	22	25	3	αῤ	παρ	παρ	G3844	PREP	παρά	P	V	C	Diacritic-D	P-V-C-D	None	1	0	0	1	1	0	1
	756	Mat 	22	28	9	ἡ	η	η	G3588	T-NSF	ἤ	P	V	C	Omission-O	P-V-C-O	 omits ἡ	1	0	0	1	1	0	1
	757	Mat 	22	29	14	δναμϊ	δυνναμιν	δυναμιν	G1411	N-ASF	δύναμις	P	V	C	Spelling-X	P-V-C-X	None	1	0	0	1	1	0	1
	758	Mat 	22	30	8	γαμΐζονται	γαμιζονται	εκγαμιζονται	G1547	V-PPI-3P	ἐκγαμίζω	P	V	C	Spelling-X	P-V-C-X	 shows ἐκγαμίζονται	1	0	0	1	1	0	1
	759	Mat 	22	31	12	ἀϖὸ	απο	υπο	G5259	PREP	ὑπό	P	V	C	Spelling-X	P-V-C-X	 shows ὑπὸ	1	0	0	1	1	0	1
	760	Mat 	22	32	2	ἐμὶ	εμι	ειμι	G1510	V-PXI-1S	εἰμί	P	V	C	Spelling-X	P-V-C-X	 shows εἰμι	1	0	0	1	1	0	1
	763	Mat 	22	35	7	τις	τις	τις	G5101	I-NSM	τίς	P	V	C	Omission-O	P-V-C-O	 omits τις	1	0	0	1	1	0	1
	767	Mat 	22	39	10	ἑαυτὸ	εαυτον	σεαυτον	G4572	F-2ASM	σεαυτοῦ	P	V	C	Spelling-X	P-V-C-X	 σεαυτόν	1	0	0	1	1	0	1
	773	Mat 	22	45	10	ἐὶ	εστι	εστιν	G2076	V-PXI-3S	εἰμί	P	V	C	Spelling-X	P-V-C-X	ἐστιν	1	0	0	1	1	0	1
	774	Mat 	22	46	3	ἠδα	ηδυνατο	εδυνατο	G1410	V-INI-3S	δύναμαι	P	V	C	Spelling-X	P-V-C-X	 shows ἐδύνατο	1	0	0	1	1	0	1
	779	Mat 	23	5	16	ἑαυ	εαυτων	αυτων	G846	P-GPM	αὐτός	P	V	C	Spelling-X	P-V-C-X	αὐτῶν	1	0	0	1	1	0	1
	780	Mat 	23	6	4	ωοκλϊσίασ	πρωτοκλισιας	πρωτοκλισιαν	G4411	N-ASF	πρωτοκλισία	P	V	I	Spelling-X	P-V-I-X	 shows πρωτοκλισίαν	1	0	0	1	0	1	1
	781	Mat 	23	7	12	ῥαϐϐεὶ	ραββει	ραββι	G4461	HEB	ῥαββί	P	V	C	Addition-A	P-V-C-A	 shows Ῥαββί twice as Ῥαββί, Ῥαββί. 	1	0	0	1	1	0	1
	782	Mat 	23	8	5	ῥαϐϐεὶ	ραββει	ραββι	G4461	HEB	ῥαββί	P	V	C	Addition-A	P-V-C-A	 shows Ῥαββί twice as Ῥαββί, Ῥαββί. 	1	0	0	1	1	0	1
	783	Mat 	23	9	5	ὑμῖν	υμιν	υμιν	G5213	P-2DP	σύ	P	V	I	Spelling-X	P-V-I-X	 shows ὑμῶν	1	0	0	1	0	1	1
	784	Mat 	23	10	1	μὴ	μη	μη	G3361	PRT-N	μή	P	V	C	Spacing-Y	P-V-C-Y	 shows μηδὲ	1	0	0	1	1	0	1
	784	Mat 	23	10	2		δε	δε	G1161	CONJ	δέ	P	V	C	Spacing-Y	P-V-C-Y	 shows μηδὲ	1	0	0	1	1	0	1
	786	Mat 	23	12	3	ὑψώσῃ	υψωση	υψωση	G5312	V-AAS-3S	ὑψόω	P	V	I	Spelling-X	P-V-I-X	 shows ὑψώσει	1	0	0	1	0	1	1
	786	Mat 	23	12	8	απνώσῃ	ταπεινωση	ταπεινωση	G5013	V-AAS-3S	ταπεινόω	P	V	I	Spelling-X	P-V-I-X	 shows ταπεινώσει	1	0	0	1	0	1	1
	787	Mat 	23	13	2		δε	δε	G1161	CONJ	δέ	P	V	C	Omission-O	P-V-C-O	 omits 	1	0	0	1	1	0	1
	787	Mat 	23	13	20	ἐισέρχε	εισερχσθε	εισερχεσθε	G1525	V-PNI-2P		P	V	C	Spelling-X	P-V-C-X	εἰσέρχεσθε	1	0	0	1	1	0	1
	790	Mat 	23	16	16		δε	δε	G1161	CONJ	δέ	P	V	C	Punctuation-P	P-V-C-P	 shows δ'	1	0	0	1	1	0	1
	794	Mat 	23	20	12	ϖᾶσι	πασι	πασιν	G3956	A-DPN	πᾶς	P	V	I	Spelling-X	P-V-I-X	 shows πάσιν	1	0	0	1	0	1	1
	796	Mat 	23	22	3	ὀμώσας	ομωσας	ομοσας	G3660	V-AAP-NSM	ὀμνύω	P	V	C	Spelling-X	P-V-C-X	 shows ὀμόσας	1	0	0	1	1	0	1
	801	Mat 	23	27	8	ὁμοιάζετε	ομοιαζετε	παρομοιαζετε	G3945	V-PAI-2P	παρομοιάζω	P	V	C	Spelling-X	P-V-C-X	 shows παρομοιάζετε	1	0	0	1	1	0	1
	801	Mat 	23	27	11	ὅι	οι	οι	G3588	T-NPM	ὁ	P	V	C	Spacing-Y	P-V-C-Y	 shows οἵτινες	1	0	0	1	1	0	1
	801	Mat 	23	27	12	τινες	τινες	τινες	G5100	X-NPM	τίς	P	V	C	Spacing-Y	P-V-C-Y	 shows οἵτινες	1	0	0	1	1	0	1
	804	Mat 	23	30	4	ἤμεθα	ημεθα	ημεν	G1510	V-IXI-1P	εἰμί	P	V	I	Spelling-X	P-V-I-X	ἤμεν	1	0	0	1	0	1	1
	804	Mat 	23	30	13	ἤμεθα	ημεθα	ημεν	G1510	V-IXI-1P	εἰμί	P	V	I	Spelling-X	P-V-I-X	ἤμεν	1	0	0	1	0	1	1
	806	Mat 	23	32	8	ἡμῶ	ημων	ημων	G2257	P-1GP	ἐγώ	P	V	C	Spelling-X	P-V-C-X	 shows ὑμῶν	1	0	0	1	1	0	1
	808	Mat 	23	34	7	ἡμᾶς	ημας	ημας	G2248	P-1AP	ἐγώ	P	V	C	None	P-V-C-	 shows ὑμᾶς	1	0	0	1	1	0	1
	808	Mat 	23	34	16	ὀκεν	οποκτενειτε	αποκτενειτε	G615	V-FAI-2P	ἀποκτείνω	P	V	C	Printing-Z	P-V-C-Z	ἀποκτενεῖτε	1	0	0	1	1	0	1
	809	Mat 	23	35	8	ἐκχυννόμενο	εκχυννομενο	εκχυνομενον	G1632	V-PPP-NSN	ἐκχέω	P	V	C	Spelling-X	P-V-C-X	 shows ἐκχυνόμενον	1	0	0	1	1	0	1
	815	Mat 	24	2	3	ἀποκριθεὶς	αποκριθεις	αποκριθεις	G611	V-AOP-NSM	ἀποκρίνομαι	P	V	C	Addition-A	P-V-C-A	 shows Ἰησοῦς ????	1	0	0	1	1	0	1
	816	Mat 	24	3	13	κατιδία	κατιδιαν	κατ	G2596	PREP	κατά	P	V	C	Spelling-X	P-V-C-X	 shows two words κατ' ἰδίαν	1	0	0	1	1	0	1
	819	Mat 	24	6	13	τὰ	τα	τα	G3588	T-APN	ὁ	P	V	C	Omission-O	P-V-C-O	 omits τὰ	1	0	0	1	1	0	1
	824	Mat 	24	11	7	πλανήσουσι	πλανησουσι	πλανησουσιν	G4105	V-FAI-3P	πλανάω	P	V	I	Spelling-X	P-V-I-X	 shows πλανήσουσιν	1	0	0	1	0	1	1
	837	Mat 	24	24	14	λᾶ	πλανασθαι	πλανησαι	G4105	V-AAN	πλανάω	P	V	C	Spelling-X	P-V-C-X	 shows πλανῆσαι	1	0	0	1	1	0	1
	846	Mat 	24	33	13	ύρας	θυρας	θυρας	G2374	N-GSF	θύρα	P	V	I	Spelling-X	P-V-I-X	 shows θύραις	1	0	0	1	0	1	1
	856	Mat 	24	43	20	δϊορυχθῆαι	διορυχθηναι	διορυγηναι	G1358	V-2APN	διορύσσω	P	V	C	Spelling-X	P-V-C-X	 shows διορυγῆναι	1	0	0	1	1	0	1
	860	Mat 	24	47	6	πᾶσι	πασι	πασιν	G3956	A-DPN	πᾶς	P	V	I	Spelling-X	P-V-I-X	 shows πάσιν	1	0	0	1	0	1	1
	865	Mat 	25	1	16	ὑπάντησι	υπαντησιν	υπαντησιν	G5222	N-ASF	ὑπάντησις	P	V	C	Spelling-X	P-V-C-X	 shows ἀπάντησιν	1	0	0	1	1	0	1
	867	Mat 	25	3	1	ἅι	αι	αι	G3588	T-NPF	ὁ	P	V	C	Spacing-Y	P-V-C-Y	 shows αἵτινες	1	0	0	1	1	0	1
	867	Mat 	25	3	2	νες	τινες	τινες	G5100	X-NPM	τίς	P	V	C	Spacing-Y	P-V-C-Y	 shows αἵτινες	1	0	0	1	1	0	1
	878	Mat 	25	14	4	τι	τις	τις	None	None	None	P	V	C	Omission-O	P-V-C-O	 omits τις	1	0	0	1	1	0	1
	883	Mat 	25	19	4	πολ	πολην	πολην	G4172	N-DSF	πόλις	P	V	I	Spelling-X	P-V-I-X	None	1	0	0	1	0	1	1
	884	Mat 	25	20	23		εν	εν	G1722	PREP	ἔν	P	V	C	Translation-T	P-V-C-T	 shows ἐπ'	1	0	0	1	1	0	1
	888	Mat 	25	24	8	λαϐὼ	λαβων	λαβων	G2983	V-2AAP-NSM	λαμβάνω	P	V	C	Translation-T	P-V-C-T	 shows εἰληφὼς	1	0	0	1	1	0	1
	888	Mat 	25	24	14	ἀυηρὸς	αυστηρος	αυστηρος	G840	A-NSM	αὐστηρός	P	V	C	Translation-T	P-V-C-T	 shows σκληρὸς	1	0	0	1	1	0	1
	894	Mat 	25	30	14	κλαυθμ	κλαυθμων	κλαυθμος	G2805	N-NSM	κλαυθμός	P	V	I	Spelling-X	P-V-I-X	 shows κλαυθμὸς	1	0	0	1	0	1	1
	896	Mat 	25	32	9	ἀφορίσ	αφορισει	αφοριει	G873	V-FAI-3S	ἀφορίζω	P	V	I	Spelling-X	P-V-I-X	 shows ἀφοριεῖ	1	0	0	1	0	1	1
	898	Mat 	25	34	17	ὑμ	υμειν	υμιν	G5213	P-2DP	σύ	P	V	C	Spelling-X	P-V-C-X	 shows ὑμῖν	1	0	0	1	1	0	1
	905	Mat 	25	41	17	ὃ	ο	ο	None	None	None	P	V	I	Spelling-X	P-V-I-X	 shows τὸ	1	0	0	1	0	1	1
	917	Mat 	26	7	10	ἐὶ	εποι	επι	G1909	PREP	ἐπί	P	V	I	Spelling-X	P-V-I-X	 shows ἐπὶ	1	0	0	1	0	1	1
	917	Mat 	26	7	12	κεψαλὴ	κεψαλην	κεφαλην	G2776	N-ASF	κεφαλή	P	V	C	Spelling-X	P-V-C-X	 shows κεφαλὴν	1	0	0	1	1	0	1
	934	Mat 	26	24	16	δʼι	δι	δι'	G1161	CONJ	δέ	P	V	C	Punctuation-P	P-V-C-P	None	1	0	0	1	1	0	1
	935	Mat 	26	25	8	μή	μη	μη	G3361	PRT-N	μή	P	V	C	Spacing-Y	P-V-C-Y	 shows Μήτι	1	0	0	1	1	0	1
	935	Mat 	26	25	9	τι	τι	τι	G5100	X-ASN	τίς	P	V	C	Spacing-Y	P-V-C-Y	 shows Μήτι	1	0	0	1	1	0	1
	935	Mat 	26	25	12	ῥαϐϐεὶ	ραββει	ραββι	G4461	HEB	ῥαββί	P	V	C	Addition-A	P-V-C-A	 shows Ῥαββί twice as Ῥαββί, Ῥαββί. 	1	0	0	1	1	0	1
	936	Mat 	26	26	10	ἐυχαριήσα	ευχαριστησας	ευχαριστησας	G2168	V-AAP-NSM	εὐχαριστέω	P	V	C	Translation-T	P-V-C-T	 shows εὐλογήσας	1	0	0	1	1	0	1
	937	Mat 	26	27	13	τάνες	ταντες	παντες	G3956	A-NPM	πᾶς	P	V	C	Spelling-X	P-V-C-X	 shows πάντες	1	0	0	1	1	0	1
	938	Mat 	26	28	14	ἐκχόο	εκχυννομενον	εκχυνομενον	G1632	V-PPP-NSN	ἐκχέω	P	V	C	Spelling-X	P-V-C-X	 shows ἐκχυνόμενον	1	0	0	1	1	0	1
	948	Mat 	26	38	4	ὁ	ο	ο	G3588	T-NSM	ὁ	P	V	C	Omission-O	P-V-C-O	 omits ὁ	1	0	0	1	1	0	1
	948	Mat 	26	38	5	ΙΗΣΣ	ιησους	ιησους	G2424	N-NSM	Ἰησοῦς	P	V	C	Omission-O	P-V-C-O	 omits ΙΗΣΣ	1	0	0	1	1	0	1
	952	Mat 	26	42	12	τ	του	τουτο	G5124	D-NSN	οὗτος	P	V	C	Spelling-X	P-V-C-X	None	1	0	0	1	1	0	1
	955	Mat 	26	45	16		γαρ	γαρ	G1063	CONJ	γάρ	P	V	C	Omission-O	P-V-C-O	 omits 	1	0	0	1	1	0	1
	959	Mat 	26	49	8	ῥαϐϐεί	ραββει	ραββι	G4461	HEB	ῥαββί	P	V	C	Addition-A	P-V-C-A	 shows Ῥαββί twice as Ῥαββί, Ῥαββί. 	1	0	0	1	1	0	1
	962	Mat 	26	52	17	λαμϐάνονς	λαμβανοντες	λαμβανοντες	G2983	V-PAP-NPM	λαμβάνω	P	V	C	Spelling-X	P-V-C-X	 shows λαβόντες	1	0	0	1	1	0	1
	965	Mat 	26	55	24	ἐκαθϊζόμη	εκαθιζομην	εκαθεζομην	G2516	V-INI-1S	καθέζομαι	P	V	C	Spelling-X	P-V-C-X	 shows ἐκαθεζόμην	1	0	0	1	1	0	1
	966	Mat 	26	56	7	ἁιαφαὶ	αιγραφαι	γραφαι	G1124	N-NPF	γραφή	P	V	C	Spacing-Y	P-V-C-Y	 shows two words αἱ γραφαὶ	1	0	0	1	1	0	1
	969	Mat 	26	59	18	ϑατώσσι	θανατωσουσιν	θανατωσουσιν	G2289	V-FAI-3P	θανατόω	P	V	I	Spelling-X	P-V-I-X	 shows θανατώσωσιν	1	0	0	1	0	1	1
	974	Mat 	26	64	19	δεζιῶ	δεζιων	δεξιων	G1188	A-GPM	δεξιός	P	V	C	Spelling-X	P-V-C-X	 shows δεξιῶν	1	0	0	1	1	0	1
	974	Mat 	26	64	21	δυνάμε	δυναμε-	δυναμεως	G1411	N-GSF	δύναμις	PC	V	C	Translation-T	PC-V-C-T	" shows δυνάμεως

 added  to normalizer as ως => corrected
 ambiguous => preserved"	1	1	0	1	1	0	1
	975	Mat 	26	65	16	ἰδοὺ	ιδου	ιδου	G2400	V-2AAM-2S	ἰδού	P	V	I	Spelling-X	P-V-I-X	 shows ἴδε	1	0	0	1	0	1	1
	975	Mat 	26	65	20	ϐλασφημ	βλασφημ	βλασθημι	G985	V-PAS-3S	βλαστάνω	P	V	I	Spelling-X	P-V-I-X	"unusual marking following final iota in source file.  May be unknown ligature.
 shows βλασφημίαν"	1	0	0	1	0	1	1
	981	Mat 	26	71	15	ὅυως	ουτως	ουτως	G3779	ADV	οὕτω	P	V	I	Spelling-X	P-V-I-X	 shows Οὗτος	1	0	0	1	0	1	1
	986	Mat 	27	1	8	ἀρχιερ	αρχιερ	αρχιερεις	G749	N-APM	ἀρχιερεύς	P	V	I	Spelling-X	P-V-I-X	"ambiguous correction marks

 shows ἀρχιερεῖς
"	1	0	0	1	0	1	1
	989	Mat 	27	4	13	ὄψη	οψη	οψει	G3700	V-FDI-2S	ὀπτάνομαι	P	V	I	Spelling-X	P-V-I-X	 shows ὄψει	1	0	0	1	0	1	1
	991	Mat 	27	6	9	ἔξειϐαλ	εξεστιβαλειν	εξεστι	G1832	V-PQI-3S	ἔξεστι	P	V	I	Spelling-X	P-V-I-X	 shows ἔξεστιν	1	0	0	1	0	1	1
	991	Mat 	27	6	13	κορϐᾶ	κορβανα	κορβαναν	G2878	N-ASM	κορβάν	P	V	I	Spelling-X	P-V-I-X	 shows κορβανᾶν	1	0	0	1	0	1	1
	993	Mat 	27	8	5	ἐκν	εκειν	εκεινος	G1565	D-NSM	ἐκεῖνος	P	V	I	Diacritic-D	P-V-I-D	"ambiguous trailing diacritic 

 shows ἐκεῖνος"	1	0	0	1	0	1	1
	994	Mat 	27	9	20	ἐτιμΐσαν	ετιμισαντο	ετιμησαντο	G5091	V-AMI-3P	τιμάω	P	V	I	Spelling-X	P-V-I-X	 shows ἐτιμήσαντο	1	0	0	1	0	1	1
	995	Mat 	27	10	9	καθὼς	καθως	καθως	G2531	ADV	καθώς	P	V	I	Spelling-X	P-V-I-X	 shows καθὰ	1	0	0	1	0	1	1
	997	Mat 	27	12	13	ἀπεκρίνα	απεκρινα	απεκρινατο	G611	V-ADI-3S	ἀποκρίνομαι	P	V	C	Spelling-X	P-V-C-X	Mystery.  Should be recognized.	1	0	0	1	1	0	1
	998	Mat 	27	13	10	καά	κατα	κατα	G2596	PREP	κατά	P	V	C	Spacing-Y	P-V-C-Y	 shows καταμαρτυροῦσιν	1	0	0	1	1	0	1
	998	Mat 	27	13	11	μαρτυροσι	μαρτυρουσιν	μαρτυρουσιν	G3140	V-PAI-3P	μαρτυρέω	P	V	C	Spacing-Y	P-V-C-Y	 shows καταμαρτυροῦσιν	1	0	0	1	1	0	1
	999	Mat 	27	14	3	ἀπεκρίθ	απεκριθει	απεκριθει	G611	V-ADI-3S	ἀποκρίνομαι	P	V	I	Spelling-X	P-V-I-X	 shows ἀπεκρίθη	1	0	0	1	0	1	1
	999	Mat 	27	14	9	ὥς	ως	ως	G5613	ADV	ὡς	P	V	C	Spacing-Y	P-V-C-Y	 shows ὥστε	1	0	0	1	1	0	1
	999	Mat 	27	14	10		τε	τε	G5037	PRT	τέ	P	V	C	Spacing-Y	P-V-C-Y	 shows ὥστε	1	0	0	1	1	0	1
	1004	Mat 	27	19	24	κα	κατ᾽	κατ	G2596	PREP	κατά	P	V	C	Diacritic-D	P-V-C-D	None	1	0	0	1	1	0	1
	1004	Mat 	27	19	26	δʼι	δι	δι'	G1161	CONJ	δέ	P	V	C	Punctuation-P	P-V-C-P	None	1	0	0	1	1	0	1
	1018	Mat 	27	33	7	ὅ	ο	ο	G3588	T-NSM	ὁ	P	V	I	Spelling-X	P-V-I-X	 shows ὅς	1	0	0	1	0	1	1
	1027	Mat 	27	42	10		εστι	εστιν	G2076	V-PXI-3S	εἰμί	P	V	C	Spelling-X	P-V-C-X	ἐστιν	1	0	0	1	1	0	1
	1028	Mat 	27	43	11	ιπε	ειπε	ειπε	G2036	V-2AAM-2S	ἔπω	P	V	I	Spelling-X	P-V-I-X	 shows εἶπεν	1	0	0	1	0	1	1
	1029	Mat 	27	44	8	σαυρωθένς	συνσταυρωθεντες	συσταυρωθεντες	G4957	V-APP-NPM	συσταυρόω	P	V	C	None	P-V-C-	συσταυρωθέντες	1	0	0	1	1	0	1
	1029	Mat 	27	44	11	ἀυό	αυτον	αυτον	G846	P-ASM	αὐτός	P	V	I	Spelling-X	P-V-I-X	 shows αὐτῷ	1	0	0	1	0	1	1
	1030	Mat 	27	45	13	άτης	ενατης	εννατης	G1766	A-GSF	ἔννατος	P	V	C	Spelling-X	P-V-C-X	 shows ἐννάτης	1	0	0	1	1	0	1
	1031	Mat 	27	46	4	ἐνάη	ενατην	εννατην	G1766	A-ASF	ἔννατος	P	V	I	Spelling-X	P-V-I-X	 shows ἐννάτην	1	0	0	1	0	1	1
	1031	Mat 	27	46	12	Ηλεὶ	ηλει	ηλι	G2241	HEB	ἠλί	P	V	I	Spelling-X	P-V-I-X	 shows Ηλι	1	0	0	1	0	1	1
	1031	Mat 	27	46	13	ἠλεὶ	ηλει	ηλι	G2241	HEB	ἠλί	P	V	I	Spelling-X	P-V-I-X	 shows ηλι	1	0	0	1	0	1	1
	1037	Mat 	27	52	4	ἠνεώχθησα	ηνεωχθησαν	ανεωχθησαν	G455	V-API-3P	ἀνοίγω	P	V	C	Spelling-X	P-V-C-X	ἀνεῴχθησαν	1	0	0	1	1	0	1
	1037	Mat 	27	52	11	ἠγέρθησ	ηγερθης	ηγερτης	G1453	V-API-3S	ἐγείρω	P	V	I	Spelling-X	P-V-I-X	 shows ηγερθη	1	0	0	1	0	1	1
	1038	Mat 	27	53	15	εφήησα	ενεφανησθησαν	ενεφανισθησαν	G1718	V-API-3P	ἐμφανίζω	P	V	C	Spelling-X	P-V-C-X	ἐνεφανίσθησαν	1	0	0	1	1	0	1
	1039	Mat 	27	54	8	τηρο	τηρουντ᾽	τηρουντες	G5083	V-PAP-NPM	τηρέω	P	V	I	Diacritic-D	P-V-I-D	None	1	0	0	1	0	1	1
	1041	Mat 	27	56	4	Μαρίαμ	μαριαμ	μαριαμ	G3137	N-PRI	Μαρία	P	V	C	Spelling-X	P-V-C-X	 shows Μαρία	1	0	0	1	1	0	1
	1042	Mat 	27	57	9		το	το	G3588	T-NSN	ὁ	P	V	C	Spacing-Y	P-V-C-Y	 shows τοὔνομα	1	0	0	1	1	0	1
	1042	Mat 	27	57	10	ὄνομα	ονομα	ονομα	G3686	N-ASN	ὄνομα	P	V	C	Spacing-Y	P-V-C-Y	 shows τοὔνομα	1	0	0	1	1	0	1
	1046	Mat 	27	61	4	μαρϊὰμ	μαριαμ	μαριαμ	G3137	N-PRI	Μαρία	P	V	C	Spelling-X	P-V-C-X	Μαρία	1	0	0	1	1	0	1
	1053	Mat 	28	2	13	ἀπεκύλισε	απεκυλισε	απεκυλισε	G617	V-AAI-3S	ἀποκυλίω	P	V	I	Spelling-X	P-V-I-X	None	1	0	0	1	0	1	1
	1055	Mat 	28	4	11	ὡσ	ως	ως	G5613	ADV	ὡς	P	V	I	Spelling-X	P-V-I-X	 shows ὡσεὶ	1	0	0	1	0	1	1
	1060	Mat 	28	9	11	ἐπτησε	επηντησεν	απηντησαν	G528	V-AAI-3P	ἀπαντάω	P	V	C	Spelling-X	P-V-C-X	ἀπήντησεν	1	0	0	1	1	0	1
	1065	Mat 	28	14	3	ἀκϑῆ	ακουθη	ακουσθη	G191	V-APS-3S	ἀκούω	P	V	C	Printing-Z	P-V-C-Z	"ambiguous markings likely a correcting σ

 shows ἀκουσθῇ"	1	0	0	1	1	0	1
	809	Mat 	23	35	8	ἐκχυννόμενο	εκχυννομενον	εκχυνομενον	G1632	V-PPP-NSN	ἐκχέω	P	V	C	Spelling-X	P-V-C-X	 shows ἐκχυνόμενον	1	0	0	1	1	0	1
	975	Mat 	26	65	20	ϐλασφημι	βλασφημι	βλασθημι	G985	V-PAS-3S	βλαστάνω	P	V	I	Spelling-X	P-V-I-X	"unusual marking following final iota in source file.  May be unknown ligature.
 shows βλασφημίαν"	1	0	0	1	0	1	1
	991	Mat 	27	6	9	ἔξει	εξεστι	εξεστι	G1832	V-PQI-3S	ἔξεστι	P	V	I	Spelling-X	P-V-I-X	 shows ἔξεστιν	1	0	0	1	0	1	1
	997	Mat 	27	12	13	ἀπεκρίνα	απεκρινα	απεκρινατο	G611	V-ADI-3S	ἀποκρίνομαι	P	V	C	Spelling-X	P-V-C-X	Mystery.  Should be recognized.	1	0	0	1	1	0	1
	28	Mat 	2	3	10	μεʼ	μετ'	μετ	G3326	PREP	μετά	PC	E	I	Punctuation-P	PC-E-I-P	None	1	1	1	0	0	1	1
	131	Mat 	5	41	8	μεʼ	μετ'	μετ	G3326	PREP	μετά	PC	E	I	Punctuation-P	PC-E-I-P	None	1	1	1	0	0	1	1
	185	Mat 	7	13	24	δʼι	δ'ι	δι'	G1161	CONJ	δέ	PC	E	I	Punctuation-P	PC-E-I-P	None	1	1	1	0	0	1	1
	250	Mat 	9	15	15	μεʼ	μετ'	μετ	G3326	PREP	μετά	PC	E	I	Punctuation-P	PC-E-I-P	None	1	1	1	0	0	1	1
	250	Mat 	9	15	23	ὅτʼἃ	οτ'αν	οταν	G3752	CONJ	ὅταν	PC	E	C	Punctuation-P	PC-E-C-P	None	1	1	1	0	1	0	1
	250	Mat 	9	15	25	ἀπʼ	απ'	απ	G575	PREP	ἀπό	PC	E	I	Punctuation-P	PC-E-I-P	None	1	1	1	0	0	1	1
	286	Mat 	10	13	12	ἐϖ͗	επ'	επ	G1909	PREP	ἐπί	PC	E	I	Punctuation-P	PC-E-I-P	None	1	1	1	0	0	1	1
	348	Mat 	12	3	14	μετʼ	μετ'	μετ	G3326	PREP	μετά	PC	E	I	Punctuation-P	PC-E-I-P	None	1	1	1	0	0	1	1
	349	Mat 	12	4	22	μεʼ	μετ'	μετ	G3326	PREP	μετά	PC	E	I	Punctuation-P	PC-E-I-P	None	1	1	1	0	0	1	1
	359	Mat 	12	14	7	κατʼ	κατ'	κατ	G2596	PREP	κατά	PC	E	C	Punctuation-P	PC-E-C-P	None	1	1	1	0	1	0	1
	388	Mat 	12	43	1	Οτʼἂ	οτ'αν	οταν	G3752	CONJ	ὅταν	PC	E	C	Punctuation-P	PC-E-C-P	None	1	1	1	0	1	0	1
	388	Mat 	12	43	11	δʼι	δ'ι	δι'	G1161	CONJ	δέ	PC	E	I	Punctuation-P	PC-E-I-P	None	1	1	1	0	0	1	1
	388	Mat 	12	43	17	ὀυχʼ	ουχ'	ουχ	G3756	PRT-N	οὐ	PC	E	I	Punctuation-P	PC-E-I-P	None	1	1	1	0	0	1	1
	390	Mat 	12	45	5	μεθʼ	μεθ'	μεθ	G3326	PREP	μετά	PC	E	I	Punctuation-P	PC-E-I-P	None	1	1	1	0	0	1	1
	519	Mat 	15	30	8	μεϑʼ	μεθ'	μεθ	G3326	PREP	μετά	PC	E	I	Punctuation-P	PC-E-I-P	None	1	1	1	0	0	1	1
	557	Mat 	17	1	2	μεϑʼ	μεθ'	μεθ	G3326	PREP	μετά	PC	E	I	Punctuation-P	PC-E-I-P	None	1	1	1	0	0	1	1
	573	Mat 	17	17	14	μεϑʼ	μεθ'	μεθ	G3326	PREP	μετά	PC	E	I	Punctuation-P	PC-E-I-P	None	1	1	1	0	0	1	1
	589	Mat 	18	6	2	δʼ	δ'	δ	G1161	CONJ	δέ	PC	E	I	Punctuation-P	PC-E-I-P	None	1	1	1	0	0	1	1
	590	Mat 	18	7	16	δʼι	δ'ι	δι'	G1161	CONJ	δέ	PC	E	I	Punctuation-P	PC-E-I-P	None	1	1	1	0	0	1	1
	596	Mat 	18	13	11	ἐϖ͗	επ'	επ	G1909	PREP	ἐπί	PC	E	I	Punctuation-P	PC-E-I-P	None	1	1	1	0	0	1	1
	609	Mat 	18	26	10	ἐϖʼ	επ'	επ	G1909	PREP	ἐπί	PC	E	I	Punctuation-P	PC-E-I-P	None	1	1	1	0	0	1	1
	612	Mat 	18	29	10	ἐϖʼ	επ'	επ	G1909	PREP	ἐπί	PC	E	I	Punctuation-P	PC-E-I-P	None	1	1	1	0	0	1	1
	622	Mat 	19	4	11	ἀϖʼ	απ'	απ	G575	PREP	ἀπό	PC	E	I	Punctuation-P	PC-E-I-P	None	1	1	1	0	0	1	1
	626	Mat 	19	8	15	ἄϖʼ	απ'	απ	G575	PREP	ἀπό	PC	E	I	Punctuation-P	PC-E-I-P	None	1	1	1	0	0	1	1
	646	Mat 	19	28	17	ὅʼἂ	οτ'αν	οταν	G3752	CONJ	ὅταν	PC	E	C	Punctuation-P	PC-E-C-P	None	1	1	1	0	1	0	1
	665	Mat 	20	17	11	καʼ	κατ'	κατ	G2596	PREP	κατά	PC	E	C	Punctuation-P	PC-E-C-P	None	1	1	1	0	1	0	1
	674	Mat 	20	26	1	ὀυχʾ	ουχ'	ουχ	G3756	PRT-N	οὐ	PC	E	I	Punctuation-P	PC-E-I-P	None	1	1	1	0	0	1	1
	701	Mat 	21	19	9	ἐʾ	επ'	επ	G1909	PREP	ἐπί	PC	E	I	Punctuation-P	PC-E-I-P	None	1	1	1	0	0	1	1
	707	Mat 	21	25	13	δʼἐλογίζοντο	δ'ελογιζοντο																	
	726	Mat 	21	44	11	δʼ	δ'	δ	G1161	CONJ	δέ	PC	E	I	Punctuation-P	PC-E-I-P	None	1	1	1	0	0	1	1
	774	Mat 	22	46	10	ἀϖʼ	απ'	απ	G575	PREP	ἀπό	PC	E	I	Punctuation-P	PC-E-I-P	None	1	1	1	0	0	1	1
	792	Mat 	23	18	11	δʼ	δ'	δ	G1161	CONJ	δέ	PC	E	I	Punctuation-P	PC-E-I-P	None	1	1	1	0	0	1	1
	813	Mat 	23	39	9	ʾἅρτι	'αρτι																	
	828	Mat 	24	15	1	Οʼἂ	οτ'αν	οταν	G3752	CONJ	ὅταν	PC	E	C	Punctuation-P	PC-E-C-P	None	1	1	1	0	1	0	1
	834	Mat 	24	21	9	ἀπʾ	απ'	απ	G575	PREP	ἀπό	PC	E	I	Punctuation-P	PC-E-I-P	None	1	1	1	0	0	1	1
	834	Mat 	24	21	15	ὀυδʼ	ουδ'																	
	844	Mat 	24	31	19	ἀϖʾ	απ'	απ	G575	PREP	ἀπό	PC	E	I	Punctuation-P	PC-E-I-P	None	1	1	1	0	0	1	1
	886	Mat 	25	22	20	ἐϖʼ	επ'	επ	G1909	PREP	ἐπί	PC	E	I	Punctuation-P	PC-E-I-P	None	1	1	1	0	0	1	1
	892	Mat 	25	28	4	ʾἀυ	'αυτου																	
	893	Mat 	25	29	16	ἀϖʼ	απ'	απ	G575	PREP	ἀπό	PC	E	I	Punctuation-P	PC-E-I-P	None	1	1	1	0	0	1	1
	895	Mat 	25	31	17	μεʼ	μετ'	μετ	G3326	PREP	μετά	PC	E	I	Punctuation-P	PC-E-I-P	None	1	1	1	0	0	1	1
	896	Mat 	25	32	11	ἀϖʼ	απ'	απ	G575	PREP	ἀπό	PC	E	I	Punctuation-P	PC-E-I-P	None	1	1	1	0	0	1	1
	905	Mat 	25	41	8	ἀπʾ	απ'	απ	G575	PREP	ἀπό	PC	E	I	Punctuation-P	PC-E-I-P	None	1	1	1	0	0	1	1
	921	Mat 	26	11	6	μεϑʼ	μεθ'	μεθ	G3326	PREP	μετά	PC	E	I	Punctuation-P	PC-E-I-P	None	1	1	1	0	0	1	1
	934	Mat 	26	24	16	δʼι	δ'ι	δι'	G1161	CONJ	δέ	PC	E	I	Punctuation-P	PC-E-I-P	None	1	1	1	0	0	1	1
	939	Mat 	26	29	7	ἀϖʼ	απ'	απ	G575	PREP	ἀπό	PC	E	I	Punctuation-P	PC-E-I-P	None	1	1	1	0	0	1	1
	939	Mat 	26	29	22	μεθʼ	μεθ'	μεθ	G3326	PREP	μετά	PC	E	I	Punctuation-P	PC-E-I-P	None	1	1	1	0	0	1	1
	949	Mat 	26	39	17	ἀπʾ	απ'	απ	G575	PREP	ἀπό	PC	E	I	Punctuation-P	PC-E-I-P	None	1	1	1	0	0	1	1
	949	Mat 	26	39	24	ʾ	'																	
	950	Mat 	26	40	20	μεʼ	μετ'	μετ	G3326	PREP	μετά	PC	E	I	Punctuation-P	PC-E-I-P	None	1	1	1	0	0	1	1
	952	Mat 	26	42	16	ἀϖʼ	απ'	απ	G575	PREP	ἀπό	PC	E	I	Punctuation-P	PC-E-I-P	None	1	1	1	0	0	1	1
	957	Mat 	26	47	12	μετʼ	μετ'	μετ	G3326	PREP	μετά	PC	E	I	Punctuation-P	PC-E-I-P	None	1	1	1	0	0	1	1
	970	Mat 	26	60	2	ὀυχ̓	ουχ̓	ουχ	G3756	PRT-N	οὐ	PC	E	C	Punctuation-P	PC-E-C-P	None	1	1	1	0	1	0	1
	970	Mat 	26	60	8	ὀυχ̓	ουχ̓	ουχ	G3756	PRT-N	οὐ	PC	E	C	Punctuation-P	PC-E-C-P	None	1	1	1	0	1	0	1
	974	Mat 	26	64	10	Απʾ	απ'	απ	G575	PREP	ἀπό	PC	E	I	Punctuation-P	PC-E-I-P	None	1	1	1	0	0	1	1
	974	Mat 	26	64	21	δυνάμε	δυναμεωσ-																	
	980	Mat 	26	70	5	ἀυ	αυτων																	
	1004	Mat 	27	19	26	δʼι	δ'ι	δι'	G1161	CONJ	δέ	PC	E	I	Punctuation-P	PC-E-I-P	None	1	1	1	0	0	1	1
	1012	Mat 	27	27	12	ἐϖʼ	επ'	επ	G1909	PREP	ἐπί	PC	E	I	Punctuation-P	PC-E-I-P	None	1	1	1	0	0	1	1
	1029	Mat 	27	44	2	δʼ	δ'	δ	G1161	CONJ	δέ	PC	E	I	Punctuation-P	PC-E-I-P	None	1	1	1	0	0	1	1
	1031	Mat 	27	46	16	Τʼ	τουτ'																	
	1039	Mat 	27	54	6	μεʼ	μετ'	μετ	G3326	PREP	μετά	PC	E	I	Punctuation-P	PC-E-I-P	None	1	1	1	0	0	1	1
	1039	Mat 	27	54	8	τηρο	τηρουντ																	
	1047	Mat 	27	62	3	ἐϖʼἄυρίο	επ'αυριον																	
	1076	Mar 	1	5	2	εϖορέυοντο	εξεπορευοντο																	
	1076	Mar 	1	5	20	ʾἀυτοῦ	'αυτου																	
	1077	Mar 	1	6	3	ὁ	ο																	
	1077	Mar 	1	6	5	δεδυο	ενδεδυομενος																	
	1080	Mar 	1	9	10	αζαρὲϑ	ναζαρεθ																	
	1080	Mar 	1	9	18	ῷ	τω																	
	1080	Mar 	1	9	19	ἰορδάνῃ	ιορδανη																	
	1081	Mar 	1	10	7	ιζεμένους	σχιζεμενους																	
	1081	Mar 	1	10	16	ἐϖʼ	επ'	επ	G1909	PREP	ἐπί	PC	E	I	Punctuation-P	PC-E-I-P	None	1	1	1	0	0	1	1
	1083	Mar 	1	12	2	ἐυθέω	ευθεως																	
	1085	Mar 	1	14	11	κηρύω	κηρυανσσων																	
	1087	Mar 	1	16	3	ερὶ	περι																	
	1087	Mar 	1	16	5	άλααμ	θαλασσαμ																	
	1087	Mar 	1	16	16	ἁμφίϐληρα	αμφιβληστρα																	
	1090	Mar 	1	19	17	ἐνῷ	εντω																	
	1091	Mar 	1	20	15	μιοτῶ	μισθοτων																	
	1092	Mar 	1	21	4	καερναο	καπερναουν																	
	1093	Mar 	1	22	9	διδάσκωμ	διδασκωμ																	
	1094	Mar 	1	23	12	ἀνέκραζε	ανεκραζεν																	
	1095	Mar 	1	24	12	ιδάσε	οιδασε																	
	1096	Mar 	1	25	2	ἐπείμησε	επετριμησεν																	
	1098	Mar 	1	27	5	σζητ	συνζητειν																	
	1098	Mar 	1	27	8	λέγοντεσ	λεγοντες																	
	1099	Mar 	1	28	12	αλιλαί	γαλιλαις																	
	1100	Mar 	1	29	3	ἐκ	εκτης																	
	1100	Mar 	1	29	4	συναωγῆ	συναγωγηστ																	
	1100	Mar 	1	29	6	λθο	ελθον																	
	1101	Mar 	1	30	5	κατέκ	κατεκειτου																	
	1103	Mar 	1	32	11	πάντες	παντες																	
	1104	Mar 	1	33	5	ἐιση	επισυνηγ																	
	1104	Mar 	1	33	6	μένη	μενη																	
	1105	Mar 	1	34	2	ἐθεράευσι	εθεραπευσιν																	
	1105	Mar 	1	34	6	οικΐλαιῳ	ποικιλαιω																	
	1105	Mar 	1	34	14	ἤφιε	ηφιε																	
	1106	Mar 	1	35	9	ὁ	ο																	
	1106	Mar 	1	35	10	ΙΗΣΟΥΣ	ιησους																	
	1109	Mar 	1	38	8	κωμοπόλως	κωμοπολειως																	
	1109	Mar 	1	38	11	ἑκ	εκει																	
	1113	Mar 	1	42	6	ἀϖʾ	απ'	απ	G575	PREP	ἀπό	PC	E	I	Punctuation-P	PC-E-I-P	None	1	1	1	0	0	1	1
	1115	Mar 	1	44	8	ἀλλὰ	αλλα																	
	1115	Mar 	1	44	17		εξ																	
	1115	Mar 	1	44	22	μωσς	μωσεις																	
	1115	Mar 	1	44	24	μαρτύριριο	μαρτυριριον																	
	1116	Mar 	1	45	3	ξελθὼ	ξελθων																	
	1116	Mar 	1	45	11	ὥ	ως																	
	1116	Mar 	1	45	12	ε	τε																	
	1117	Mar 	2	1	6	δʼι	δ'ι	δι'	G1161	CONJ	δέ	PC	E	I	Punctuation-P	PC-E-I-P	None	1	1	1	0	0	1	1
	1118	Mar 	2	2	5	ὥς	ως																	
	1118	Mar 	2	2	6		τε																	
	1118	Mar 	2	2	8	χρω	χρωειν																	
	1119	Mar 	2	3	3	ὸςἀυ	προσαυτον																	
	1119	Mar 	2	3	4	αραλυτικὸ	παραραλυτικον																	
	1120	Mar 	2	4	15	ορύαντε	εξορυξαντε																	
	1120	Mar 	2	4	18	κράϐαον	κραβαττον																	
	1120	Mar 	2	4	19	ἐφʼᾧ	εφ'ω																	
	1121	Mar 	2	5	12	ἀφέωτα	αφεωντα																	
	1123	Mar 	2	7	3	ὅυτω	ουτω																	
	1123	Mar 	2	7	10	ἐιμὴ	ειμη																	
	1125	Mar 	2	9	8	σο	σο																	
	1125	Mar 	2	9	13	ἔγρε	εγειρε																	
	1125	Mar 	2	9	18	κράϐαο	κραβαττον																	
	1127	Mar 	2	11	3	ἔγρε	εγειρε																	
	1127	Mar 	2	11	7	κράϐαὸ	κραβαττον																	
	1128	Mar 	2	12	7	κράϐαο	κραβαττον																	
	1128	Mar 	2	12	11	ὥσ	ως																	
	1128	Mar 	2	12	12		τε																	
	1130	Mar 	2	14	3	ὁ	ο																	
	1130	Mar 	2	14	4	ΙΗΣΟΥΣ	ιησους																	
	1130	Mar 	2	14	5	ιδε	ειδε																	
	1130	Mar 	2	14	6	λευεὶ	λευει																	
	1130	Mar 	2	14	17	ἀκολούμοι	ακολουθειμοι																	
	1130	Mar 	2	14	20	ἠκολᾶϑησεν	ηκολαθησεν																	
	1131	Mar 	2	15	7	ἐ	επο																	
	1132	Mar 	2	16	5	ὁ	ο																	
	1135	Mar 	2	19	16	μέʼ	μετ'	μετ	G3326	PREP	μετά	PC	E	I	Punctuation-P	PC-E-I-P	None	1	1	1	0	0	1	1
	1135	Mar 	2	19	22	μεθʼ	μεθ'	μεθ	G3326	PREP	μετά	PC	E	I	Punctuation-P	PC-E-I-P	None	1	1	1	0	0	1	1
	1136	Mar 	2	20	1	ἐλεύν	ελευαινται																	
	1136	Mar 	2	20	6	ἀϖʼ	απ'	απ	G575	PREP	ἀπό	PC	E	I	Punctuation-P	PC-E-I-P	None	1	1	1	0	0	1	1
	1136	Mar 	2	20	13		υν																	
	1136	Mar 	2	20	15	ῳ	ταιω																	
	1137	Mar 	2	21	2	ωδεὶς	ερωδεις																	
	1137	Mar 	2	21	6	ἐπιρά	επιραπτει																	
	1137	Mar 	2	21	10	ἐι	ειδε																	
	1137	Mar 	2	21	14	λήρωδμα	πληρωδμα																	
	1138	Mar 	2	22	7	ἀσκοὺᾳ	ασκουα																	
	1138	Mar 	2	22	12	ῆινο	ηινο																	
	1138	Mar 	2	22	13	νέυᾳ	νευα																	
	1138	Mar 	2	22	25	ινον	ινον																	
	1139	Mar 	2	23	6	σάϐϐασι	σαββασι																	
	1140	Mar 	2	24	4	ἔλο	ελειον																	
	1140	Mar 	2	24	7	ῇ	τη																	
	1141	Mar 	2	25	18	μεʼ	μετ'	μετ	G3326	PREP	μετά	PC	E	I	Punctuation-P	PC-E-I-P	None	1	1	1	0	0	1	1
	1142	Mar 	2	26	2	ἐισῆλέθε	εισηλεθεν																	
	1142	Mar 	2	26	4		ερ																	
	1142	Mar 	2	26	5	ὄικο	οικο																	
	1142	Mar 	2	26	6		εξ																	
	1142	Mar 	2	26	12	ύφ	τουφ																	
	1142	Mar 	2	26	30	ἀυ	αυττω																	
	1143	Mar 	2	27	7	ῃ	τοην																	
	1144	Mar 	2	28	1	ὥς	ως																	
	1144	Mar 	2	28	2		τε																	
	1144	Mar 	2	28	8	ἀνερώπου	ανερωπου																	
	1147	Mar 	3	3	10	ἔγρε	εγειρε																	
	1148	Mar 	3	4	16	ἐσιώο	εσιωπουν																	
	1149	Mar 	3	5	5	ὀργῆ	οργη																	
	1151	Mar 	3	7	4	ἀναχώρησε	αναχωρησεν																	
	1154	Mar 	3	10	4	ὥ	ως																	
	1154	Mar 	3	10	5		τε																	
	1158	Mar 	3	14	6	μεʼ	μετ'	μετ	G3326	PREP	μετά	PC	E	I	Punctuation-P	PC-E-I-P	None	1	1	1	0	0	1	1
	1159	Mar 	3	15	2	ἔχ	εχει																	
	1162	Mar 	3	18	19	οίμωνα	οιμωνα																	
	1162	Mar 	3	18	21	καναανίην	καναανιτην																	
	1163	Mar 	3	19	6	έδωηεν	παρεδωηεν																	
	1164	Mar 	3	20	5	ὡ	ως																	
	1165	Mar 	3	21	4	παῤ	παρ																	
	1166	Mar 	3	22	6	ἱεροσωλύμω	ιεροσωλυμων																	
	1166	Mar 	3	22	9	ὅτ	οτ																	
	1169	Mar 	3	25	7	ὀυδα	ουδυναται																	
	1171	Mar 	3	27	5	σκέυηϊσχυρ	σκευητουισχυρου																	
	1171	Mar 	3	27	15	τὸ	το																	
	1172	Mar 	3	28	6	ἀιφεθήσε	αιφεθησεται																	
	1173	Mar 	3	29	2	δʼ	δ'	δ	G1161	CONJ	δέ	PC	E	I	Punctuation-P	PC-E-I-P	None	1	1	1	0	0	1	1
	1173	Mar 	3	29	4	φλασφημήσῃ	φλασφημηση																	
	1173	Mar 	3	29	19	ἀωνί	αωνιου																	
	1175	Mar 	3	31	3	ἡμητὴρ	ημητηρ																	
	1175	Mar 	3	31	10	ἐήκοες	εστηκοτες																	
	1178	Mar 	3	34	2	ιϐλεψάμενὸ˚	περιβλεψαμενοος																	
	1178	Mar 	3	34	9	ἴδοὺ	ιδου																	
	1178	Mar 	3	34	11	μηήρμ	μητηρμου																	
	1179	Mar 	3	35	3	ἂνιήσῃὸ	ανποιησητο																	
	1179	Mar 	3	35	7	υʼ	ουτ'																	
	1179	Mar 	3	35	15	ἐι	εστι																	
	1180	Mar 	4	1	14	ὥ	ως																	
	1180	Mar 	4	1	15	ε	τε																	
	1180	Mar 	4	1	20	καθῆενῇ	καθησθαιεντη																	
	1183	Mar 	4	4	5	είρ	σπειρν																	
	1184	Mar 	4	5	5	τὰ	τα																	
	1184	Mar 	4	5	6	εώδη	πετρωδη																	
	1184	Mar 	4	5	14	ανέτίλε	εξανετιειλεν																	
	1190	Mar 	4	11	6	ῶναι	γωναι																	
	1194	Mar 	4	15	3	ἐισι	εισι																	
	1194	Mar 	4	15	20	ἄρ	αρει																	
