ID	Line	BookNum	Book	Chapter	Verse	WordNum	WordOpen	Word	WordClose	NormWordOpen	NormWord	NormWordClose	LcWordOpen	LcWord	LcWordClose	NoDiaWordOpen	NoDiaWord	NoDiaWordClose	StrongOpen	Strong	StrongClose	RMACOpen	RMAC	RMACClose	LemmaOpen	Lemma	LemmaClose	LcLemmaOpen	LcLemma	LcLemmaClose	NoDiaLemmaOpen	NoDiaLemma	NoDiaLemmaClose	EnglishOpen	English	EnglishClose	EnglishPunc	WordPunc	WordDelimiter	EndOfLine
10	2		Mat 	1	2	2		ἐννσε			ἐγένννσεν			ἐγένννσεν			εγενννσεν																							
15	2		Mat 	1	2	7		ἐνησε			ἐγέννησεν			ἐγέννησεν			εγεννησεν																							
20	2		Mat 	1	2	12		ἐνησε			ἐγέννησεν			ἐγέννησεν			εγεννησεν																							
29	3		Mat 	1	3	3		ἐνησεν			ἐγέννησεν			ἐγέννησεν			εγεννησεν																							
40	3		Mat 	1	3	14		ἐνησε			ἐγέννησεν			ἐγέννησεν			εγεννησεν																							
45	3		Mat 	1	3	19		ἐνυησε			ἐγέννυησεν			ἐγέννυησεν			εγεννυησεν																							
50	4		Mat 	1	4	3		ἐνησε			ἐγέννησεν			ἐγέννησεν			εγεννησεν																							
55	4		Mat 	1	4	8		ἐνησε			ἐγέννησεν			ἐγέννησεν			εγεννησεν																							
57	4		Mat 	1	4	10		ναασσό			ναασσόν			ναασσόν			ναασσον																					.		
58	4		Mat 	1	4	11		νααὸ			ναασσὸν			ναασσὸν			ναασσον																							
60	4		Mat 	1	4	13		ἐνησε			ἐγέννησεν			ἐγέννησεν			εγεννησεν																							
65	5		Mat 	1	5	3		ἐνησε			ἐγέννησεν			ἐγέννησεν			εγεννησεν																							
73	5		Mat 	1	5	11		ἐνησε			ἐγέννησεν			ἐγέννησεν			εγεννησεν																							
81	5		Mat 	1	5	19		ἐνησε			ἐγέννησεν			ἐγέννησεν			εγεννησεν																							
86	6		Mat 	1	6	3		ἐνησε			ἐγέννησεν			ἐγέννησεν			εγεννησεν																							
95	6		Mat 	1	6	12		ἐγέννησε			ἐγέννησεν			ἐγέννησεν			εγεννησεν																							
97	6		Mat 	1	6	14		σολομῶνα			σολομῶνα			σολομῶνα			σολομωνα																							
102	7		Mat 	1	7	1		σαλομὼ			σαλομὼν			σαλομὼν			σαλομων																							
104	7		Mat 	1	7	3		ἐέννησε			ἐγέννησεν			ἐγέννησεν			εγεννησεν																							
109	7		Mat 	1	7	8		ἐέννησε			ἐγέννησεν			ἐγέννησεν			εγεννησεν																							
114	7		Mat 	1	7	13		ἐγέννησε			ἐγέννησεν			ἐγέννησεν			εγεννησεν																							
119	8		Mat 	1	8	3		ἐγέννησε			ἐγέννησεν			ἐγέννησεν			εγεννησεν																							
124	8		Mat 	1	8	8		ἐγέννησε			ἐγέννησεν			ἐγέννησεν			εγεννησεν																							
129	8		Mat 	1	8	13		ἐγέννησε			ἐγέννησεν			ἐγέννησεν			εγεννησεν																							
131	8		Mat 	1	8	15		σε			σεν			σεν			σεν																							
136	9		Mat 	1	9	3		ἐγέννησε			ἐγέννησεν			ἐγέννησεν			εγεννησεν																							
141	9		Mat 	1	9	8		ἐγέννησε			ἐγέννησεν			ἐγέννησεν			εγεννησεν																							
146	9		Mat 	1	9	13		ἐγέννησε			ἐγέννησεν			ἐγέννησεν			εγεννησεν																							
151	10		Mat 	1	10	3		ἐγέννησε			ἐγέννησεν			ἐγέννησεν			εγεννησεν																							
156	10		Mat 	1	10	8		ἐγʼέννησε			ἐγ'έννησεν			ἐγ'έννησεν			εγ'εννησεν																							
161	10		Mat 	1	10	13		ἐνησε			ἐγέννησεν			ἐγέννησεν			εγεννησεν																							
166	11		Mat 	1	11	3		ἐγέννησε			ἐγέννησεν			ἐγέννησεν			εγεννησεν																							
175	11		Mat 	1	11	12		μεοικεσεοίας			μετοικεσεοίας			μετοικεσεοίας			μετοικεσεοιας																							
183	12		Mat 	1	12	7		ἐγέννησε			ἐγέννησεν			ἐγέννησεν			εγεννησεν																							
188	12		Mat 	1	12	12		ἐγέννησε			ἐγέννησεν			ἐγέννησεν			εγεννησεν																							
193	13		Mat 	1	13	3		ἐγέννησε			ἐγέννησεν			ἐγέννησεν			εγεννησεν																							
198	13		Mat 	1	13	8		ἐνησε			ἐγέννησεν			ἐγέννησεν			εγεννησεν																							
200	13		Mat 	1	13	10		ἐλιακίμ			ἐλιακίμ			ἐλιακίμ			ελιακιμ																					.		
201	13		Mat 	1	13	11		ἐλιακὶμ			ἐλιακὶμ			ἐλιακὶμ			ελιακιμ																							
203	13		Mat 	1	13	13		ἐγέννησε			ἐγέννησεν			ἐγέννησεν			εγεννησεν																							
208	14		Mat 	1	14	3		ἐγέννησε			ἐγέννησεν			ἐγέννησεν			εγεννησεν																							
213	14		Mat 	1	14	8		ἐγέννησε			ἐγέννησεν			ἐγέννησεν			εγεννησεν																							
215	14		Mat 	1	14	10		ἀχ			ἀχήν			ἀχήν			αχην																					.		
216	14		Mat 	1	14	11		ἀχ			ἀχὴν			ἀχὴν			αχην																							
218	14		Mat 	1	14	13		ἐγέννησε			ἐγέννησεν			ἐγέννησεν			εγεννησεν																							
223	15		Mat 	1	15	3		ἐγέννησε			ἐγέννησεν			ἐγέννησεν			εγεννησεν																							
228	15		Mat 	1	15	8		ἐγέννησε			ἐγέννησεν			ἐγέννησεν			εγεννησεν																							
233	15		Mat 	1	15	13		ἐγέννησε			ἐγέννησεν			ἐγέννησεν			εγεννησεν																							
238	16		Mat 	1	16	3		ἐγέννησε			ἐγέννησεν			ἐγέννησεν			εγεννησεν																							
240	16		Mat 	1	16	5		ἰω			ἰω			ἰω			ιω																							
241	16		Mat 	1	16	6		σὴφ			σὴφ			σὴφ			σηφ																					,		
245	16		Mat 	1	16	10					ἐχ			ἐχ			εχ																							
255	17		Mat 	1	17	4		γενεσαὶ			γενεσαὶ			γενεσαὶ			γενεσαι																					,		
278	17		Mat 	1	17	27		ΧΡΙΣΤΟΥγενεαὶ			ΧΡΙΣΤΟΥγενεαὶ			χριστουγενεαὶ			χριστουγενεαι																							
288	18		Mat 	1	18	9		μνηήσης			μνηστενθήσης			μνηστενθήσης			μνηστενθησης																							
291	18		Mat 	1	18	12		μηέρο			μητέρος			μητέρος			μητερος																							
330	20		Mat 	1	20	8		κα			κατ᾽			κατ᾽			κατ᾽																							
352	20		Mat 	1	20	30		ι			ἐχιν			ἐχιν			εχιν																							
385	22		Mat 	1	22	13		οφή			τοῦπροφήτου			τοῦπροφήτου			τουπροφητου																							
405	23		Mat 	1	23	17		ι			ἐχιν			ἐχιν			εχιν																							
406	23		Mat 	1	23	18		μεθερμό			μεθερμενενό			μεθερμενενό			μεθερμενενο																							
407	23		Mat 	1	23	19		ο			μενον			μενον			μενον																							
408	23		Mat 	1	23	20		μεϑʼ			μεϑ'			μεϑ'			μεθ'																							
426	24		Mat 	1	24	15		έλαϐε			παρέλαϐεν			παρέλαϐεν			παρελαβεν																							
436	25		Mat 	1	25	7		ἔκε			ἔτεκεν			ἔτεκεν			ετεκεν																							
439	25		Mat 	1	25	10		ἀτῆς			ἀτῆς			ἀτῆς			ατης																					,		
443	25		Mat 	1	25	14		ἐκάλεσε			ἐκάλεσεν			ἐκάλεσεν			εκαλεσεν																							
446	25		Mat 	1	25	17		ἀυ			ἀυτῶν			ἀυτῶν			αυτων																							
451	26		Mat 	2	1	4		γεννηθένυς			γεννηθένυτος			γεννηθένυτος			γεννηθενυτος																							
460	26		Mat 	2	1	13		Βασιλές			Βασιλές			βασιλές			βασιλες																					.		
470	27		Mat 	2	2	3		ι			ἐχιν			ἐχιν			εχιν																							
475	27		Mat 	2	2	8		ἰουδω;			ἰουδαίων;			ἰουδαίων;			ιουδαιων;																							
487	27		Mat 	2	2	20		ἀυὸ			ἀυτὸν			ἀυτὸν			αυτον																					.		
497	28		Mat 	2	3	10		μεʼ			μετ'			μετ'			μετ'																							
523	30		Mat 	2	5	9		ὅυτως			ὅυτως			ὅυτως			ουτως																							
543	31		Mat 	2	6	15		μοι			μοι			μοι			μοι																							
544	31		Mat 	2	6	16		ελεύσε			ἐχελεύσεται			ἐχελεύσεται			εχελευσεται																							
546	31		Mat 	2	6	18		ὅ			ὅς			ὅς			ος																							
547	31		Mat 	2	6	19					τις			τις			τις																							
550	31		Mat 	2	6	22		λαόυ			λαόυ			λαόυ			λαου																							
552	31		Mat 	2	6	24		υ			τὸυ			τὸυ			του																							
560	32		Mat 	2	7	7		ἡκρίϐωσε			ἡκρίϐωσεν			ἡκρίϐωσεν			ηκριβωσεν																							
562	32		Mat 	2	7	9		ἀ			ἀτῶν			ἀτῶν			ατων																							
566	32		Mat 	2	7	13		φνα			φαιναμένου			φαιναμένου			φαιναμενου																							
573	33		Mat 	2	8	6		πε			πεν			πεν			επεν																					,		
574	33		Mat 	2	8	7		ορθέντες			πορενθέντες			πορενθέντες			πορενθεντες																					,		
576	33		Mat 	2	8	9		εάσα			ἐχετάσατε			ἐχετάσατε			εχετασατε																							
580	33		Mat 	2	8	13		ἐϖ͗ἂ			ἐϖ'ἂν			ἐϖ'ἂν			επ'αν																							
588	33		Mat 	2	8	21		ςσκήσω			πρσσκυνήσω			πρσσκυνήσω			πρσσκυνησω																							
589	33		Mat 	2	8	22		ἀυ			ἀυτὸν			ἀυτὸν			αυτον																					.		
621	35		Mat 	2	10	7		μεγάλ			μεγάλεν			μεγάλεν			μεγαλεν																							
639	36		Mat 	2	11	17		ἀυὸ			ἀυτὸν			ἀυτὸν			αυτον																					,		
652	36		Mat 	2	11	30		νο			νον			νον			νον																							
657	37		Mat 	2	12	3		κα			κατ᾽			κατ᾽			κατ᾽																							
671	38		Mat 	2	13	1		Αναχωρηsάνω			Αναχωρηsάντων			αναχωρηsάντων			αναχωρηsαντων																							
678	38		Mat 	2	13	8		καʼ			κατ'			κατ'			κατ'																							
694	38		Mat 	2	13	24		γυο			ᾄγυπτον			ᾄγυπτον			αγυπτον																					,		
714	39		Mat 	2	14	4		έλαϐε			παρέλαϐεν			παρέλαϐεν			παρελαβεν																							
725	39		Mat 	2	14	15		γυο			ᾄγυπτον			ᾄγυπτον			αγυπτον																					,		
731	40		Mat 	2	15	6		λτῆς			τελεντῆς			τελεντῆς			τελεντης																							
742	40		Mat 	2	15	17		φροφή			φροφήτου			φροφήτου			φροφητου																					,		
744	40		Mat 	2	15	19					ἐχ			ἐχ			εχ																							
749	40		Mat 	2	15	24		μον			μον			μον			μον																					.		
755	41		Mat 	2	16	6		επχθη			επαίχθη			επαίχθη			επαιχθη																							
763	41		Mat 	2	16	14		ἁνλε			ἁνεῖλεν			ἁνεῖλεν			ανειλεν																							
777	41		Mat 	2	16	28		δυετοὺς			δυετοὺς			δυετοὺς			δυετους																					,		
784	41		Mat 	2	16	35		ἠκρίϐωσε			ἠκρίϐωσεν			ἠκρίϐωσεν			ηκριβωσεν																							
814	43		Mat 	2	18	18		ἠθελε			ἠθελεν			ἠθελεν			ηθελεν																							
818	43		Mat 	2	18	22		ἐισί			ἐισίν			ἐισίν			εισιν																					.		
819	44		Mat 	2	19	1		Τελτήσανς			Τελεντήσαντος			τελεντήσαντος			τελεντησαντος																							
826	44		Mat 	2	19	8		καʼ			κατ'			κατ'			κατ'																							
827	44		Mat 	2	19	9		ὄθαρ			ὄθαρ			ὄθαρ			οθαρ																							
847	45		Mat 	2	20	15		Τεθνήκασι			Τεθνήκασιν			τεθνήκασιν			τεθνηκασιν																							
850	45		Mat 	2	20	18		ζηος			ζητοοῦντες			ζητοοῦντες			ζητοουντες																					,		
858	46		Mat 	2	21	4		έλαϐε			παρέλαϐεν			παρέλαϐεν			παρελαβεν																							
888	47		Mat 	2	22	19		κα			κατ᾽			κατ᾽			κατ᾽																							
901	48		Mat 	2	23	6		λε			λεγομένεν			λεγομένεν			λεγομενεν																							
902	48		Mat 	2	23	7		ναζαρέθ			ναζαρέθ			ναζαρέθ			ναζαρεθ																					.		
918	49		Mat 	3	1	6		πσραγίνε			πσραγίνεται			πσραγίνεται			πσραγινεται																							
920	49		Mat 	3	1	8		άννη			άννης			άννης			αννης																							
932	50		Mat 	3	2	4		ἤικἐ			ἤγγικἐν			ἤγγικἐν			ηγγικεν																							
940	51		Mat 	3	3	3		ι			ἐχιν			ἐχιν			εχιν																							
966	52		Mat 	3	4	5		ιχε			ιχεν			ιχεν			ειχεν																							
974	52		Mat 	3	4	13		ζών			ζώνεν			ζώνεν			ζωνεν																							
975	52		Mat 	3	4	14		δερμαίν			δερματίνεν			δερματίνεν			δερματινεν																					,		
990	53		Mat 	3	5	2		επορεύε			ἐχεπορεύετο			ἐχεπορεύετο			εχεπορευετο																							
1003	53		Mat 	3	5	15		ἰσρδάνου			ἰσρδάνου			ἰσρδάνου			ισρδανου																					,		
1009	54		Mat 	3	6	6		ὑϖʼ			ὑϖ'			ὑϖ'			υπ'																							
1011	54		Mat 	3	6	8		ομολογοι			ἐχομολογοὺμενοι			ἐχομολογοὺμενοι			εχομολογουμενοι																							
1038	55		Mat 	3	7	24		ὀρῆς;			ὀργῆσ;			ὀργῆσ;			οργησ;																							
1065	57		Mat 	3	9	21					τοὺ			τοὺ			του																							
1105	59		Mat 	3	11	12		πίσω			πίσω			πίσω			πισω																							
1110	59		Mat 	3	11	17		ὶ			ἐχὶν			ἐχὶν			εχιν																					.		
1134	60		Mat 	3	12	9		διακαθαρι			διακαθαριεῖ			διακαθαριεῖ			διακαθαριει																							
1145	60		Mat 	3	12	20		ἀθήκ			ἀποθήκεν			ἀποθήκεν			αποθηκεν																					,		
1148	60		Mat 	3	12	23		ἄχυρομ			ἄχυρομ			ἄχυρομ			αχυρομ																					,		
1149	60		Mat 	3	12	24		καακαύ			κατακαύ			κατακαύ			κατακαυ																							
1150	60		Mat 	3	12	25		σ			σει			σει			σει																							
1162	61		Mat 	3	13	10		ἰορδάν			ἰορδάνεν			ἰορδάνεν			ιορδανεν																							
1165	61		Mat 	3	13	13		ἰωάνν			ἰωάννεν			ἰωάννεν			ιωαννεν																					,		
1168	61		Mat 	3	13	16		ὑϖʼ			ὑϖ'			ὑϖ'			υπ'																							
1184	62		Mat 	3	14	15		ἔρχηπρό			ἔρχηπρός			ἔρχηπρός			ερχηπρος																							
1185	62		Mat 	3	14	16		με;			με;			με;			με;																							
1189	63		Mat 	3	15	4		ΙΗΕΟΥΣ			ΙΗΕΟΥΣ			ιηεους			ιηεους																					,		
1190	63		Mat 	3	15	5		ιε			ιπεν			ιπεν			ειπεν																							
1195	63		Mat 	3	15	10		ὅυως			ὅυτως			ὅυτως			ουτως																							
1198	63		Mat 	3	15	13		ὶ			ἐχὶν			ἐχὶν			εχιν																							
1202	63		Mat 	3	15	17		ικαιοσ			δικαιοσύνεν			δικαιοσύνεν			δικαιοσυνεν																					.		
1209	64		Mat 	3	16	4		ΙΗΣΘΥΣ			ΙΗΣΘΥΣ			ιησθυς			ιησθυς																					,		
1210	64		Mat 	3	16	5		ἀνέϐηἐυθὺς			ἀνέϐηἐυθὺς			ἀνέϐηἐυθὺς			ανεβηευθυς																							
1221	64		Mat 	3	16	16		ιδε			ιδεν			ιδεν			ειδεν																							
1231	64		Mat 	3	16	26		ἐϖʼ			ἐϖ'			ἐϖ'			επ'																							
1241	65		Mat 	3	17	9		ι			ἐχιν			ἐχιν			εχιν																							
1260	66		Mat 	4	1	11		πραν			πειρασθοῦναι			πειρασθοῦναι			πειρασθουναι																							
1267	67		Mat 	4	2	4		εα			τεσσα			τεσσα			τεσσα																							
1268	67		Mat 	4	2	5		ράκονα			ράκοντα			ράκοντα			ρακοντα																					,		
1273	67		Mat 	4	2	10		ἐπείνασεν			ἐπείνασεν			ἐπείνασεν			επεινασεν																					.		
1295	69		Mat 	4	4	4		ιπε			ιπεν			ιπεν			ειπεν																					.		
1298	69		Mat 	4	4	7		ἐϖʼ			ἐϖ'			ἐϖ'			επ'																							
1303	69		Mat 	4	4	12		ἀλλʼ			ἀλλ'			ἀλλ'			αλλ'																							
1307	69		Mat 	4	4	16		ἐκποροῳ			ἐκπορενομένῳ			ἐκπορενομένῳ			εκπορενομενω																					,		
1321	70		Mat 	4	5	11		ἔησε			ἔστησεν			ἔστησεν			εστησεν																							
1336	71		Mat 	4	6	9		βάε			βάλλε			βάλλε			βαλλε																							
1338	71		Mat 	4	6	11		ηάτω			ηάτω			ηάτω			ηατω																					.		
1351	71		Mat 	4	6	24		ἀρσί			ἀροῦσίν			ἀροῦσίν			αρουσιν																							
1353	71		Mat 	4	6	26		μή			μή			μή			μη																							
1354	71		Mat 	4	6	27		πο			ποτε			ποτε			ποτε																							
1379	73		Mat 	4	8	7		ὄρας			ὄρας			ὄρας			ορας																							
1383	73		Mat 	4	8	11		δείκνυσιμ			δείκνυσιμ			δείκνυσιμ			δεικνυσιμ																							
1411	75		Mat 	4	10	7		ὀίσω			ὀπίσω			ὀπίσω			οπισω																							
1412	75		Mat 	4	10	8		μ			μου			μου			μου																							
1418	75		Mat 	4	10	14		ϑεόμ			ϑεόμ			ϑεόμ			θεομ																							
1426	76		Mat 	4	11	2		ἀφΐησι			ἀφΐησιν			ἀφΐησιν			αφΐησιν																							
1435	76		Mat 	4	11	11		δϊκκόνο			δϊκκόνουν			δϊκκόνουν			δικκονουν																							
1451	78		Mat 	4	13	4		ναζαρέθ			ναζαρέθ			ναζαρέθ			ναζαρεθ																					,		
1462	78		Mat 	4	13	15		νεφθαλὶμ			νεφθαλὶμ			νεφθαλὶμ			νεφθαλιμ																					,		
1468	79		Mat 	4	14	6		ἡσαΐου			ἡσαΐου			ἡσαΐου			ησαΐου																							
1475	80		Mat 	4	15	4		νεφθαλὶμ			νεφθαλὶμ			νεφθαλὶμ			νεφθαλιμ																							
1490	81		Mat 	4	16	7		ιδε			ιδεν			ιδεν			ειδεν																							
1514	82		Mat 	4	17	11		ἤικε			ἤγγικεν			ἤγγικεν			ηγγικεν																							
1529	83		Mat 	4	18	10		ιδε			ιδεν			ιδεν			ειδεν																							
1535	83		Mat 	4	18	16		έο			πέτοσον			πέτοσον			πετοσον																					,		
1580	86		Mat 	4	21	13		ἰωοάννην			ἰωοάννην			ἰωοάννην			ιωοαννην																							
1590	86		Mat 	4	21	23		πάὸς			πάτοσὸς			πάτοσὸς			πατοσος																							
1613	88		Mat 	4	23	3		ὅλ			ὅλεν			ὅλεν			ολεν																							
1645	89		Mat 	4	24	7		ὅλ			ὅλεν			ὅλεν			ολεν																							
1647	89		Mat 	4	24	9		σορία			σορίαν			σορίαν			σοριαν																					.		
1663	89		Mat 	4	24	25		σελιαζοους			σελενιαζομένους			σελενιαζομένους			σελενιαζομενους																					,		
1713	93		Mat 	5	3	3		ωχοὶῷ			πτωχοὶτῷ			πτωχοὶτῷ			πτωχοιτω																							
1717	93		Mat 	5	3	7		ὶ			ἐχὶν			ἐχὶν			εχιν																							
1726	94		Mat 	5	4	5		ἀνι			ἀντὸι			ἀντὸι			αντοι																							
1733	95		Mat 	5	5	6		κληρονομήσ			κληρονομήσου			κληρονομήσου			κληρονομησου																							
1734	95		Mat 	5	5	7		σι			σι			σι			σι																							
1736	95		Mat 	5	5	9		γ			γῦν			γῦν			γυν																					.		
1739	96		Mat 	5	6	3		πνθῶς			πεινθῶντες			πεινθῶντες			πεινθωντες																							
1743	96		Mat 	5	6	7		δικοσ			δικαιοσύνεν			δικαιοσύνεν			δικαιοσυνεν																					,		
1765	99		Mat 	5	9	3		ἐιροποιοὶ			ἐιρενοποιοὶ			ἐιρενοποιοὶ			ειρενοποιοι																					,		
1766	99		Mat 	5	9	4		ὁίτι			ὁίτι			ὁίτι			οιτι																							
1778	100		Mat 	5	10	8		ὶ			ἐχὶν			ἐχὶν			εχιν																							
1782	100		Mat 	5	10	12		ὀαρανῶ			ὀαρανῶν			ὀαρανῶν			οαρανων																					.		
1789	101		Mat 	5	11	7		διώωσιν			διώξωσιν			διώξωσιν			διωξωσιν																					,		
1791	101		Mat 	5	11	9		ἔιπωσι			ἔιπωσιν			ἔιπωσιν			ειπωσιν																							
1795	101		Mat 	5	11	13		καϑʼ			καϑ'			καϑ'			καθ'																							
1796	101		Mat 	5	11	14		ἡμῶ			ἡμῶν			ἡμῶν			ημων																							
1797	101		Mat 	5	11	15		ψδόοι			ψενδόμενοι			ψενδόμενοι			ψενδομενοι																					,		
1811	102		Mat 	5	12	12		ὅυω			ὅυτως			ὅυτως			ουτως																							
1857	104		Mat 	5	14	12		ὄρεω			ὄρεως			ὄρεως			ορεως																							
1867	105		Mat 	5	15	9		μόδιομ			μόδιομ			μόδιομ			μοδιομ																					,		
1868	105		Mat 	5	15	10		ἁλλʼ			ἁλλ'			ἁλλ'			αλλ'																							
1874	105		Mat 	5	15	16		πᾶσι			πᾶσιν			πᾶσιν			πασιν																							
1879	106		Mat 	5	16	1		ὅυτως			ὅυτως			ὅυτως			ουτως																							
1903	107		Mat 	5	17	2		νομίοῃτἑ			νομίοῃτἑ			νομίοῃτἑ			νομιοητε																					,		
1912	107		Mat 	5	17	11		ὀσκ			ὀσκ			ὀσκ			οσκ																							
1949	109		Mat 	5	19	6		ωλῶ			ἐντωλῶν			ἐντωλῶν			εντωλων																							
1952	109		Mat 	5	19	9		ἐλαχίο			ἐλαχίστον			ἐλαχίστον			ελαχιστον																					,		
1955	109		Mat 	5	19	12		ὅυως			ὅυτως			ὅυτως			ουτως																							
1964	109		Mat 	5	19	21		ὀαρῶ			ὀαρανῶν			ὀαρανῶν			οαρανων																					.		
1966	109		Mat 	5	19	23		δʼ			δ'			δ'			δ'																							
1981	110		Mat 	5	20	3		περιεύσ			περισσεύσει			περισσεύσει			περισσευσει																							
1989	110		Mat 	5	20	11		φαρϊσωμ			φαρϊσαίωμ			φαρϊσαίωμ			φαρισαιωμ																					,		
1992	110		Mat 	5	20	14		ἐισέλθη			ἐισέλθη			ἐισέλθη			εισελθη																							
1993	110		Mat 	5	20	15					τε			τε			τε																							
2007	111		Mat 	5	21	9		δʼ			δ'			δ'			δ'																							
2009	111		Mat 	5	21	11		φονεύσει			φονεύσει			φονεύσει			φονευσει																					,		
2031	112		Mat 	5	22	18		δʼ			δ'			δ'			δ'																							
2043	112		Mat 	5	22	30		δʼ			δ'			δ'			δ'																							
2051	112		Mat 	5	22	38		γέενα			γέεναν			γέεναν			γεεναν																							
2063	113		Mat 	5	23	10					καὶ			καὶ			και																							
2064	113		Mat 	5	23	11		ἐκ			ἐκεῖ			ἐκεῖ			εκει																							
2108	115		Mat 	5	25	13		δῷ			δῷ			δῷ			δω																							
2109	115		Mat 	5	25	14		με			μετ᾽			μετ᾽			μετ᾽																							
2116	115		Mat 	5	25	21		ʼκριτῇ			τῷ'κριτῇ			τῷ'κριτῇ			τω'κριτη																					,		
2133	116		Mat 	5	26	6		έλθης			ἐχέλθης			ἐχέλθης			εχελθης																							
2140	116		Mat 	5	26	13		κοδράντ			κοδράντεν			κοδράντεν			κοδραντεν																					,		
2162	118		Mat 	5	28	15		ἐμοίχσε			ἐμοίχενσεν			ἐμοίχενσεν			εμοιχενσεν																							
2175	119		Mat 	5	29	8		ξιὸς			ξιὸς			ξιὸς			ξιος																							
2176	119		Mat 	5	29	9		σκδαλίζῃ			σκανδαλίζῃ			σκανδαλίζῃ			σκανδαλιζη																							
2181	119		Mat 	5	29	14		βάε			βάλλε			βάλλε			βαλλε																							
2201	119		Mat 	5	29	34		γέενα			γέεναν			γέεναν			γεεναν																					,		
2210	120		Mat 	5	30	9		ἔκκψο			ἔκκψον			ἔκκψον			εκκψον																							
2213	120		Mat 	5	30	12		βάε			βάλλε			βάλλε			βαλλε																							
2216	120		Mat 	5	30	15		συμ			συμ			συμ			συμ																							
2217	120		Mat 	5	30	16		φέρ			φέρει			φέρει			φερει																							
2223	120		Mat 	5	30	22					τοῦ			τοῦ			του																							
2234	120		Mat 	5	30	33		γέενα			γέεναν			γέεναν			γεεναν																					,		
2239	121		Mat 	5	31	5		ἀλύσ			ἀπολύσει			ἀπολύσει			απολυσει																							
2253	122		Mat 	5	32	8		ἀπολύσ			ἀπολύσει			ἀπολύσει			απολυσει																							
2260	122		Mat 	5	32	15		ποι			ποεῖι			ποεῖι			ποειι																							
2266	122		Mat 	5	32	21		ἀλελυ			ἀπολελυμένεν			ἀπολελυμένεν			απολελυμενεν																							
2267	122		Mat 	5	32	22		γαμήσ			γαμήσει			γαμήσει			γαμησει																					,		
2297	124		Mat 	5	34	14		ὶ			ἐχὶν			ἐχὶν			εχιν																							
2305	125		Mat 	5	35	6		ὐο			ὐπο			ὐπο			υπο																							
2306	125		Mat 	5	35	7		πόδιο			πόδιον			πόδιον			ποδιον																							
2307	125		Mat 	5	35	8		όδιό			πόδιόν			πόδιόν			ποδιον																							
2308	125		Mat 	5	35	9		ὶ			ἐχὶν			ἐχὶν			εχιν																							
2317	125		Mat 	5	35	18		ὶ			ἐχὶν			ἐχὶν			εχιν																							
2326	126		Mat 	5	36	6		ὀμώσς			ὀμώσεις			ὀμώσεις			ομωσεις																					,		
2331	126		Mat 	5	36	11		ίχα			τοσίχα			τοσίχα			τοσιχα																							
2332	126		Mat 	5	36	12		λκ			λενκὴν			λενκὴν			λενκην																							
2346	127		Mat 	5	37	12		ιὸ			παρισσὸν			παρισσὸν			παρισσον																							
2351	127		Mat 	5	37	17		ὶ			ἐχὶν			ἐχὶν			εχιν																					.		
2370	129		Mat 	5	39	9		ἁλλʼ			ἁλλ'			ἁλλ'			αλλ'																							
2383	129		Mat 	5	39	22		ἄ			ἄλλεν			ἄλλεν			αλλεν																					,		
2406	131		Mat 	5	41	8		μεʼ			μετ'			μετ'			μετ'																							
2491	136		Mat 	5	46	9		ἔχε;			ἔχετε;			ἔχετε;			εχετε;																							
2498	136		Mat 	5	46	16		ισι;			ποιοῦσιν;			ποιοῦσιν;			ποιουσιν;																							
2508	137		Mat 	5	47	10		οι;			ποιεῖτε;			ποιεῖτε;			ποιειτε;																							
2513	137		Mat 	5	47	15		ὅυτω			ὅυτως			ὅυτως			ουτως																							
2514	137		Mat 	5	47	16		οισι;			ποιοῦσιν;			ποιοῦσιν;			ποιουσιν;																							
2528	138		Mat 	5	48	14		ι			ἐχιν			ἐχιν			εχιν																					.		
2532	139		Mat 	6	1	4		ἐλεημοσ			ἐλεημοσύνεν			ἐλεημοσύνεν			ελεημοσυνεν																							
2556	140		Mat 	6	2	1		ὅἂ			ὅτ᾽ἂν			ὅτ᾽ἂν			οτ᾽αν																							
2558	140		Mat 	6	2	3		οις			ποιεῖς			ποιεῖς			ποιεις																							
2559	140		Mat 	6	2	4		ἐλεημοσ			ἐλεημοσύνεν			ἐλεημοσύνεν			ελεημοσυνεν																					,		
2576	140		Mat 	6	2	21		δοξῶσι			δοξσθῶσιν			δοξσθῶσιν			δοξσθωσιν																							
2583	140		Mat 	6	2	28		ἁπέχσι			ἁπέχουσιν			ἁπέχουσιν			απεχουσιν																							
2586	140		Mat 	6	2	31		ἀυ			ἀυτοῦ			ἀυτοῦ			αυτου																					.		
2590	141		Mat 	6	3	4		ἐλεημοσ			ἐλεημοσύνεν			ἐλεημοσύνεν			ελεημοσυνεν																					,		
2647	143		Mat 	6	5	24		φῶσι			φανῶσιν			φανῶσιν			φανωσιν																							
2649	143		Mat 	6	5	26		ἀνθρώηι			ἀνθρώηποις			ἀνθρώηποις			ανθρωηποις																					.		
2654	143		Mat 	6	5	31		ἀπέχσι			ἀπέχουσιν			ἀπέχουσιν			απεχουσιν																							
2660	144		Mat 	6	6	3		ὅἂ			ὅτ᾽ἂν			ὅτ᾽ἂν			οτ᾽αν																							
2665	144		Mat 	6	6	8		αμον			ταμεῖον			ταμεῖον			ταμειον																							
2694	145		Mat 	6	7	1		οσχόμενοι			προσενχόμενοι			προσενχόμενοι			προσενχομενοι																							
2697	145		Mat 	6	7	4		βάολογήση			βάπτολογήσητε			βάπτολογήσητε			βαπτολογησητε																					,		
2701	145		Mat 	6	7	8		δσκσιν			δσκοῦσιν			δσκοῦσιν			δσκουσιν																							
2713	146		Mat 	6	8	5		ιδε			ιδεν			ιδεν			οιδεν																							
2726	147		Mat 	6	9	1		Οὕ			Οὕτος			οὕτος			ουτος																							
2735	147		Mat 	6	9	10		ὀαρoῖς			ὀαρανoῖς			ὀαρανoῖς			οαρανoις																					,		
2750	148		Mat 	6	10	11		ὀαρῷ			ὀαρανῷ			ὀαρανῷ			οαρανω																					,		
2768	150		Mat 	6	12	6		ἡμῶμ			ἡμῶμ			ἡμῶμ			ημωμ																					,		
2790	151		Mat 	6	13	15		ὶ			ἐχὶν			ἐχὶν			εχιν																							
2805	152		Mat 	6	14	3		ἀφῆι			ἀφῆιτε			ἀφῆιτε			αφηιτε																							
2810	152		Mat 	6	14	8		ἀυῶμ			ἀυτῶμ			ἀυτῶμ			αυτωμ																					,		
2816	152		Mat 	6	14	14		ἡμῶν			ἡμῶν			ἡμῶν			ημων																							
2818	152		Mat 	6	14	16		ὀσράνιος			ὀσράνιος			ὀσράνιος			οσρανιος																					,		
2836	154		Mat 	6	16	1		ὅἂ			ὅτ᾽ἂν			ὅτ᾽ἂν			οτ᾽αν																							
2841	154		Mat 	6	16	6		ὥ			ὥυνερ			ὥυνερ			ωυνερ																							
2843	154		Mat 	6	16	8		ὑηκριαὶ			ὑητοκριταὶ			ὑητοκριταὶ			υητοκριται																							
2845	154		Mat 	6	16	10		ἀφίζσι			ἀφανίζουσιν			ἀφανίζουσιν			αφανιζουσιν																							
2851	154		Mat 	6	16	16		φῶσι			φανῶσιν			φανῶσιν			φανωσιν																							
2859	154		Mat 	6	16	24		ἀπέχουσι			ἀπέχουσιν			ἀπέχουσιν			απεχουσιν																							
2904	157		Mat 	6	19	2		ϑησαυρζετε			ϑησαυρζετε			ϑησαυρζετε			θησαυρζετε																							
2918	157		Mat 	6	19	16		διορίσι			διορίσσουσιν			διορίσσουσιν			διορισσουσιν																					,		
2920	157		Mat 	6	19	18		κλέπουσι			κλέπτουσιν			κλέπτουσιν			κλεπτουσιν																					.		
2942	159		Mat 	6	21	3		ι			ἐχιν			ἐχιν			εχιν																							
2956	160		Mat 	6	22	5		ι			ἐχιν			ἐχιν			εχιν																							
2983	161		Mat 	6	23	12		σκοτινὸ			σκοτινὸν			σκοτινὸν			σκοτινον																							
2993	161		Mat 	6	23	22		ι			ἐχιν			ἐχιν			εχιν																					,		
3013	162		Mat 	6	24	17		ἀνθέζετ			ἀνθέζεται			ἀνθέζεται			ανθεζεται																					,		
3023	162		Mat 	6	24	27		μαμωανᾷ			μαμωανᾷ			μαμωανᾷ			μαμωανα																					.		
3025	163		Mat 	6	25	2					δὲ			δὲ			δε																							
3049	163		Mat 	6	25	26		ι			ἐχιν			ἐχιν			εχιν																							
3051	163		Mat 	6	25	28		οφῆς			τοσοφῆς			τοσοφῆς			τοσοφης																					;		
3070	164		Mat 	6	26	15		ἀπθήκασ			ἀπθήκας			ἀπθήκας			απθηκας																					,		
3077	164		Mat 	6	26	22		έφ			τοσέφει			τοσέφει			τοσεφει																							
3079	164		Mat 	6	26	24		ὀυχ̓ἡμς			ὀυχ̓ἡμεῖς			ὀυχ̓ἡμεῖς			ουχ̓ημεις																							
3085	165		Mat 	6	27	3					ἐχ			ἐχ			εχ																							
3089	165		Mat 	6	27	7		οα			προσθῆνααι			προσθῆνααι			προσθηνααι																							
3136	168		Mat 	6	30	10		ἄυροιν			ἄυροιν			ἄυροιν			αυροιν																							
3143	168		Mat 	6	30	17		ἁμένυσι			ἁμφιένυσιν			ἁμφιένυσιν			αμφιενυσιν																					,		
3166	170		Mat 	6	32	6		ἐιζηετεῖ			ἐπιζηετεῖ			ἐπιζηετεῖ			επιζηετει																					.		
3167	170		Mat 	6	32	7		ιδε			ιδεν			ιδεν			οιδεν																							
3195	172		Mat 	6	34	2					ὖν			ὖν			υν																							
3226	174		Mat 	7	2	11		μέῳ			μέτοσῳ			μέτοσῳ			μετοσω																							
3228	174		Mat 	7	2	13		μειθήσε			μετριθήσεται			μετριθήσεται			μετριθησεται																							
3256	176		Mat 	7	4	6		σο			σον			σον			σον																							
3264	176		Mat 	7	4	14		σο			σον			σον			σον																					,		
3274	177		Mat 	7	5	2		ἔκϐαο			ἔκϐαλλο			ἔκϐαλλο			εκβαλλο																							
3285	177		Mat 	7	5	13		ἐκαν			ἐκαλλειν			ἐκαλλειν			εκαλλειν																							
3299	178		Mat 	7	6	6		κυσι			κυσιν			κυσιν			κυσιν																					.		
3301	178		Mat 	7	6	8		βάλλε			βάλλετε			βάλλετε			βαλλετε																							
3346	181		Mat 	7	9	4					ἐχ			ἐχ			εχ																							
3379	183		Mat 	7	11	12		ὑμ			ὑμν			ὑμν			υμον																							
3384	183		Mat 	7	11	17		ὑμ			ὑμν			ὑμν			υμον																					,		
3404	184		Mat 	7	12	11		ὅυ			ὅυ			ὅυ			ου																							
3405	184		Mat 	7	12	12		τως			τως			τως			τως																							
3410	184		Mat 	7	12	17		ος			τος			τος			οτος																							
3422	185		Mat 	7	13	5		πύλις			πύλις			πύλις			πυλις																					.		
3430	185		Mat 	7	13	13		ρος			ρος			ρος			ρος																							
3442	185		Mat 	7	13	25		ἐσερχόοι			ἐσερχόμενοι			ἐσερχόμενοι			εσερχομενοι																							
3443	185		Mat 	7	13	26		δʼι			δ'ι			δ'ι			δ'ι																							
3474	187		Mat 	7	15	11		δύμασι			ἐνδύμασιν			ἐνδύμασιν			ενδυμασιν																							
3478	187		Mat 	7	15	15		ἐισι			ἐισιν			ἐισιν			εισιν																					,		
3494	188		Mat 	7	16	14		ιβόλω			τοσιβόλων			τοσιβόλων			τοσιβολων																							
3496	189		Mat 	7	17	1		ὅυτως			ὅυτως			ὅυτως			ουτως																							
3498	189		Mat 	7	17	3		δέδρομ			δένδρομ			δένδρομ			δενδρομ																							
3511	190		Mat 	7	18	2		δαα			δαύναται			δαύναται			δαυναται																							
3520	190		Mat 	7	18	11		καρ			καρ			καρ			καρ																							
3521	190		Mat 	7	18	12		ποὺς			ποὺς			ποὺς			πους																							
3555	193		Mat 	7	21	14		ἀλλʼ			ἀλλ'			ἀλλ'			αλλ'																							
3565	193		Mat 	7	21	24		ὀυρονοῖς			ὀυρονοῖς			ὀυρονοῖς			ουρονοις																					.		
3567	194		Mat 	7	22	2		ἐρσι			ἐροῦσιν			ἐροῦσιν			ερουσιν																							
3570	194		Mat 	7	22	5		ἐκείμῃ			ἐκείμῃ			ἐκείμῃ			εκειμη																							
3585	194		Mat 	7	22	20		εϐάλομε			ἐχεϐάλομεν			ἐχεϐάλομεν			εχεβαλομεν																					;		
3602	195		Mat 	7	23	10		ἀϖʼ			ἀϖ'			ἀϖ'			απ'																							
3610	196		Mat 	7	24	3		ὅς			ὅς			ὅς			ος																							
3611	196		Mat 	7	24	4		τις			τις			τις			τις																							
3625	196		Mat 	7	24	18		ᾠκοδόμησεν			ᾠκοδόμησεν			ᾠκοδόμησεν			ωκοδομησεν																							
3645	197		Mat 	7	25	14		οσέπεσα			προσέπεσαν			προσέπεσαν			προσεπεσαν																							
3651	197		Mat 	7	25	20		ἔπεσε			ἔπεσεν			ἔπεσεν			επεσεν																					.		
3669	198		Mat 	7	26	13		ὁμιωθήσε			ὁμιωθήσεται			ὁμιωθήσεται			ομιωθησεται																							
3672	198		Mat 	7	26	16		ὅς			ὅς			ὅς			ος																							
3673	198		Mat 	7	26	17		ις			τις			τις			τις																							
3674	198		Mat 	7	26	18		ᾠοκοδόμησε			ᾠοκοδόμησεν			ᾠοκοδόμησεν			ωοκοδομησεν																							
3701	199		Mat 	7	27	21		ἔεσε			ἔπεσεν			ἔπεσεν			επεσεν																					,		
3711	200		Mat 	7	28	4		ἐτέλεσε			ἐτέλεσεν			ἐτέλεσεν			ετελεσεν																							
3717	200		Mat 	7	28	10		εϖλῃον			ἐχεϖλῃσσοντο			ἐχεϖλῃσσοντο			εχεπλησσοντο																							
3729	201		Mat 	7	29	6		ονσία			ἐχονσίαν			ἐχονσίαν			εχονσιαν																							
3732	201		Mat 	7	29	9		ὀυχ͗			ὀυχ'			ὀυχ'			ουχ'																							
3736	202		Mat 	8	1	1		Καταβά			Καταβάν			καταβάν			καταβαν																							
3737	202		Mat 	8	1	2		τι			τι			τι			τι																							
3749	203		Mat 	8	2	3		λεὸσἐλϑὼ			λεπρὸσἐλϑὼν			λεπρὸσἐλϑὼν			λεπροσελθων																					,		
3772	204		Mat 	8	3	14		ἐκαθερίη			ἐκαθερίσθη			ἐκαθερίσθη			εκαθερισθη																							
3784	205		Mat 	8	4	9		ἀλλὰ			ἀλλὰ			ἀλλὰ			αλλα																							
3795	205		Mat 	8	4	20		οσέταξεν			προσέταξεν			προσέταξεν			προσεταξεν																							
3863	210		Mat 	8	9	7		σΐα			ἐχουσΐαν			ἐχουσΐαν			εχουσιαν																					,		
3865	210		Mat 	8	9	9		ὑπ͗			ὑπ'			ὑπ'			υπ'																							
3890	211		Mat 	8	10	4		ΙΗΣΟΣ			ΙΗΣΟΣ			ιησος			ιησος																					,		
3891	211		Mat 	8	10	5		ἐθαύμασεν			ἐθαύμασεν			ἐθαύμασεν			εθαυμασεν																					,		
3893	211		Mat 	8	10	7		ιε			ιπεν			ιπεν			ειπεν																							
3899	211		Mat 	8	10	13		ὁυ			ὁυ			ὁυ			ου																							
3904	211		Mat 	8	10	18					το			το			το																							
3905	211		Mat 	8	10	19		σάυην			σάυτην			σάυτην			σαυτην																							
3917	212		Mat 	8	11	10		ἥξσιν			ἥξουσιν			ἥξουσιν			ηξουσιν																							
3936	213		Mat 	8	12	6		ἐκϐληθήσν			ἐκϐληθήσνται			ἐκϐληθήσνται			εκβληθησνται																							
3939	213		Mat 	8	12	9		σκότ			σκότ			σκότ			σκοτ																							
3940	213		Mat 	8	12	10		̊			̊τὸ			̊τὸ			̊το																							
3945	213		Mat 	8	12	15		κλαυθμ			κλαυθμ			κλαυθμ			κλαυθμ																							
3946	213		Mat 	8	12	16		̊̀			̊̀			̊̀			̊̀																							
3957	214		Mat 	8	13	6		ἑκανάρχῃ			ἑκατοντάρχῃ			ἑκατοντάρχῃ			εκατονταρχη																					,		
3961	214		Mat 	8	13	10		ἐϖίευσ			ἐϖίστευσους			ἐϖίστευσους			επιστευσους																							
3980	215		Mat 	8	14	8		έ			πέτοσου			πέτοσου			πετοσου																					,		
3981	215		Mat 	8	14	9		ιδε			ιδεν			ιδεν			ειδεν																							
3985	215		Mat 	8	14	13		βεϐλημμένην			βεϐλημμένην			βεϐλημμένην			βεβλημμενην																							
4006	217		Mat 	8	16	4		οσήνεγκε			προσήνεγκεν			προσήνεγκεν			προσηνεγκεν																							
4011	217		Mat 	8	16	9		έβαλε			ἐχέβαλεν			ἐχέβαλεν			εχεβαλεν																							
4033	218		Mat 	8	17	13		ἀεΐασ			ἀσθενΐας			ἀσθενΐας			ασθενιας																							
4072	221		Mat 	8	20	9		ἔχουσι			ἔχουσιν			ἔχουσιν			εχουσιν																					,		
4075	221		Mat 	8	20	12		πετοννὰ			πετονεινὰ			πετονεινὰ			πετονεινα																							
4090	222		Mat 	8	21	1		Eτερος			Eτερος			eτερος			eτερος																							
4098	222		Mat 	8	21	9		ἐίεψόν			ἐπίτοσεψόν			ἐπίτοσεψόν			επιτοσεψον																							
4150	225		Mat 	8	24	18		ἐκάϑευδε			ἐκάϑευδεν			ἐκάϑευδεν			εκαθευδεν																					.		
4154	226		Mat 	8	25	4		μαθπταί			μαθπταί			μαθπταί			μαθπται																							
4161	226		Mat 	8	25	11		ἀολύμεθα			ἀπολύμεθα			ἀπολύμεθα			απολυμεθα																							
4165	227		Mat 	8	26	4		τΐ			τΐ			τΐ			τΐ																							
4171	227		Mat 	8	26	10		ἐπείμησε			ἐπετίμησεν			ἐπετίμησεν			επετιμησεν																							
4187	228		Mat 	8	27	7		ι			ἐχιν			ἐχιν			εχιν																							
4215	229		Mat 	8	28	18		ερχόοι			ἐχερχόμενοι			ἐχερχόμενοι			εχερχομενοι																							
4248	231		Mat 	8	30	4		ἀϖʼ			ἀϖ'			ἀϖ'			απ'																							
4277	233		Mat 	8	32	7		ελϑοντες			ἐχελϑοντες			ἐχελϑοντες			εχελθοντες																					,		
4286	233		Mat 	8	32	16		ὤρμησεν			ὤρμησεν			ὤρμησεν			ωρμησεν																							
4294	233		Mat 	8	32	24		κριμν			κριμνοῦ			κριμνοῦ			κριμνου																							
4323	235		Mat 	8	34	6		ῆλθε			ἐχῆλθεν			ἐχῆλθεν			εχηλθεν																							
4340	236		Mat 	9	1	3		ὁ			ὁ			ὁ			ο																							
4341	236		Mat 	9	1	4		ΙΗΣΟΥΣ			ΙΗΣΟΥΣ			ιησους			ιησους																							
4345	236		Mat 	9	1	8		διεπέρασε			διεπέρασεν			διεπέρασεν			διεπερασεν																							
4367	237		Mat 	9	2	16		ιπε			ιπεν			ιπεν			ειπεν																							
4392	239		Mat 	9	4	6		υμσας			ἐνθυμεῖσας			ἐνθυμεῖσας			ενθυμεισας																							
4395	239		Mat 	9	4	9		ἵνα			ἵνα			ἵνα			ινα																							
4396	239		Mat 	9	4	10		ί			τί			τί			τι																							
4398	239		Mat 	9	4	12		ϑυμ			ἐνϑυμεῖ			ἐνϑυμεῖ			ενθυμει																							
4399	239		Mat 	9	4	13		ε			σθε			σθε			σθε																							
4408	240		Mat 	9	5	4		ἐυκολώτερον			ἐυκολώτερον			ἐυκολώτερον			ευκολωτερον																					,		
4413	240		Mat 	9	5	9		ἁμαρτΐαι			ἁμαρτΐαι			ἁμαρτΐαι			αμαρτΐαι																					,		
4416	240		Mat 	9	5	12		ἔγειρε			ἔγειρε			ἔγειρε			εγειρε																							
4423	241		Mat 	9	6	5		ἐξουσΐα			ἐξουσΐαν			ἐξουσΐαν			εξουσΐαν																							
4451	242		Mat 	9	7	3		ἁλθεν			ἁποῦλθεν			ἁποῦλθεν			απουλθεν																							
4460	243		Mat 	9	8	5		ἐθάυμασε			ἐθάυμασεν			ἐθάυμασεν			εθαυμασεν																							
4467	243		Mat 	9	8	12		ἐξσΐαν			ἐξουσΐαν			ἐξουσΐαν			εξουσΐαν																							
4507	245		Mat 	9	10	15		σέκ			συννέκειντο			συννέκειντο			συννεκειντο																							
4530	246		Mat 	9	11	17		διδάσκαλ̊			διδάσκαλ̊			διδάσκαλ̊			διδασκαλ̊																							
4543	247		Mat 	9	12	12		ἰαοῦ			ἰατοσοῦ			ἰατοσοῦ			ιατοσου																					,		
4544	247		Mat 	9	12	13		ἀλλʼ			ἀλλ'			ἀλλ'			αλλ'																							
4553	248		Mat 	9	13	6		ἔλεοσ			ἔλεος			ἔλεος			ελεος																							
4563	248		Mat 	9	13	16		ἀλλʼ			ἀλλ'			ἀλλ'			αλλ'																							
4574	249		Mat 	9	14	8		δια			δια			δια			δια																							
4575	249		Mat 	9	14	9		τΐ			τΐ			τΐ			τι																							
4580	249		Mat 	9	14	14		ηένο			νηστένομεν			νηστένομεν			νηστενομεν																							
4587	249		Mat 	9	14	21		νηέυουσι			νηστέυουσιν			νηστέυουσιν			νηστευουσιν																					.		
4600	250		Mat 	9	15	13		ἐφʼὅσο			ἐφ'ὅσον			ἐφ'ὅσον			εφ'οσον																							
4601	250		Mat 	9	15	14		μεʼ			μετ'			μετ'			μετ'																							
4609	250		Mat 	9	15	22		ὅτʼἃ			ὅτ'ἃν			ὅτ'ἃν			οτ'αν																							
4611	250		Mat 	9	15	24		ἀπʼ			ἀπ'			ἀπ'			απ'																							
4617	250		Mat 	9	15	30		ηέυσυσι			νηστέυσυσιν			νηστέυσυσιν			νηστευσυσιν																					,		
4634	251		Mat 	9	16	17		ἱματΐου			ἱματΐου			ἱματΐου			ιματΐου																					,		
4692	253		Mat 	9	18	23		ἐϖ̓ἀυ			ἐϖ̓ἀυτὴν			ἐϖ̓ἀυτὴν			επ̓αυτην																							
4708	255		Mat 	9	20	4		ἁιμαρροσα			ἁιμαρροοῦσα			ἁιμαρροοῦσα			αιμαρροουσα																							
4715	255		Mat 	9	20	11		κρααίδ			κρασπαίδου			κρασπαίδου			κρασπαιδου																							
4719	256		Mat 	9	21	1		ἔλεγε			ἔλεγεν			ἔλεγεν			ελεγεν																							
4727	256		Mat 	9	21	9		ἷματίσυ			ἷματίσυ			ἷματίσυ			ιματισυ																							
4733	257		Mat 	9	22	4		ἐϖαφεὶς			ἐϖστραφεὶς			ἐϖστραφεὶς			επστραφεις																							
4737	257		Mat 	9	22	8		ιε			ιπεν			ιπεν			ειπεν																					.		
4743	257		Mat 	9	22	14		σέσωκέ			σέσωκέν			σέσωκέν			σεσωκεν																							
4775	259		Mat 	9	24	6		ἀπέθανε			ἀπέθανεν			ἀπέθανεν			απεθανεν																							
4785	260		Mat 	9	25	3		εϐλήθη			ἐχεϐλήθη			ἐχεϐλήθη			εχεβληθη																							
4789	260		Mat 	9	25	7		ἐκράτησε			ἐκράτησεν			ἐκράτησεν			εκρατησεν																							
4798	261		Mat 	9	26	2		ῆλθε			ἐχῆλθεν			ἐχῆλθεν			εχηλθεν																							
4831	263		Mat 	9	28	9		τοφλοί			τοφλοί			τοφλοί			τοφλοι																					.		
4854	264		Mat 	9	29	9		ΐι			πΐστιν			πΐστιν			πΐστιν																							
4860	265		Mat 	9	30	3		ἀυ			ἀυτοῦ			ἀυτοῦ			αυτου																							
4874	266		Mat 	9	31	3		ελθόντες			ἐχελθόντες			ἐχελθόντες			εχελθοντες																					,		
4875	266		Mat 	9	31	4		διεφήμησα			διεφήμησαν			διεφήμησαν			διεφημησαν																							
4884	267		Mat 	9	32	3		ερχοω			ἐχερχομένων			ἐχερχομένων			εχερχομενων																					,		
4886	267		Mat 	9	32	5		οσήνεγκε			προσήνεγκεν			προσήνεγκεν			προσηνεγκεν																							
4894	268		Mat 	9	33	4		αιμοΐου			δαιμονΐου			δαιμονΐου			δαιμονΐου																							
4917	269		Mat 	9	34	9		αιμοΐω			δαιμονΐων			δαιμονΐων			δαιμονΐων																							
4943	270		Mat 	9	35	23		ϑεραπένω			ϑεραπένων			ϑεραπένων			θεραπενων																							
4948	270		Mat 	9	35	28		μαλακΐα			μαλακΐαν			μαλακΐαν			μαλακΐαν																							
4956	271		Mat 	9	36	5		ἐλαγχήη			ἐσπλαγχνήσθη			ἐσπλαγχνήσθη			εσπλαγχνησθη																							
4989	273		Mat 	9	38	8		κ			κ			κ			εκ																							
4990	273		Mat 	9	38	9		βάλῃ			βάλῃ			βάλῃ			βαλη																							
5004	274		Mat 	10	1	9		ουσία			ἐχουσίαν			ἐχουσίαν			εχουσιαν																							
5005	274		Mat 	10	1	10		κατὰ			κατὰ			κατὰ			κατα																							
5024	275		Mat 	10	2	7		ι			ἐχιν			ἐχιν			εχιν																							
5029	275		Mat 	10	2	12		λεγόμος			λεγόμμενος			λεγόμμενος			λεγομμενος																							
5030	275		Mat 	10	2	13		εὸς			πετοσὸς			πετοσὸς			πετοσος																					,		
5036	275		Mat 	10	2	19		ἰάλωϐος			ἰάλωϐος			ἰάλωϐος			ιαλωβος																							
5061	276		Mat 	10	3	17		θαδδtος			θαδδtαῖος			θαδδtαῖος			θαδδtαιος																					,		
5089	278		Mat 	10	5	18		σαμαριῶ			σαμαριτῶν			σαμαριτῶν			σαμαριτων																					,		
5101	279		Mat 	10	6	10		ἰοραὴλ			ἰοραὴλ			ἰοραὴλ			ιοραηλ																					.		
5102	280		Mat 	10	7	1		ορόοι			πορενόμενοι			πορενόμενοι			πορενομενοι																							
5111	280		Mat 	10	7	10		ὀυραν			ὀυρανν			ὀυρανν			ουρανον																					,		
5122	281		Mat 	10	8	11		δωρεὰμ			δωρεὰμ			δωρεὰμ			δωρεαμ																							
5125	282		Mat 	10	9	2		κτύσῃε			κτύσῃσθε			κτύσῃσθε			κτυσησθε																							
5151	283		Mat 	10	10	17		ροφῆς			πρροφῆς			πρροφῆς			πρροφης																							
5153	283		Mat 	10	10	19		ι			ἐχιν			ἐχιν			εχιν																					.		
5156	284		Mat 	10	11	3		δʼ			δ'			δ'			δ'																							
5160	284		Mat 	10	11	7		κώμ			κώμεν			κώμεν			κωμεν																							
5162	284		Mat 	10	11	9		ετάσατε			ἐχετάσατε			ἐχετάσατε			εχετασατε																					,		
5167	284		Mat 	10	11	14		ι			ἐχιν			ἐχιν			εχιν																					.		
5168	284		Mat 	10	11	15					καὶ			καὶ			και																							
5169	284		Mat 	10	11	16		ἐκ			ἐκεῖ			ἐκεῖ			εκει																							
5173	284		Mat 	10	11	20		έλθῃ			ἐχέλθῃτε			ἐχέλθῃτε			εχελθητε																					.		
5192	286		Mat 	10	13	12		ἐϖ͗ἀυ			ἐϖ'ἀυτὴν			ἐϖ'ἀυτὴν			επ'αυτην																					,		
5215	287		Mat 	10	14	12		χόοι			ἐχερχόμενοι			ἐχερχόμενοι			εχερχομενοι																							
5217	287		Mat 	10	14	14		ὁικαίς			ὁικαίς			ὁικαίς			οικαις																							
5227	287		Mat 	10	14	24		ὑμ			ὑμν			ὑμν			υμον																					.		
5236	288		Mat 	10	15	9		γομόῤῥη			γομόῤῥουη			γομόῤῥουη			γομορρουη																							
5254	289		Mat 	10	16	11					ὖν			ὖν			υν																							
5264	290		Mat 	10	17	1		oσέχετε			πρoσέχετε			πρoσέχετε			πρoσεχετε																							
5269	290		Mat 	10	17	6		αδώσουσι			παραδώσουσιν			παραδώσουσιν			παραδωσουσιν																							
5296	292		Mat 	10	19	1		ὅ			ὅτ᾽			ὅτ᾽			οτ᾽																							
5297	292		Mat 	10	19	2		ἂ			ἂν			ἂν			αν																							
5326	293		Mat 	10	20	11		αὸς			πατοσὸς			πατοσὸς			πατοσος																							
5365	296		Mat 	10	23	1		ὅτ͗ἂ			ὅτ'ἂν			ὅτ'ἂν			οτ'αν																							
5439	299		Mat 	10	26	7		ἐι			ἐστιν			ἐστιν			εστιν																							
5454	300		Mat 	10	27	6		σκοεΐᾳ			σκοτεΐᾳ			σκοτεΐᾳ			σκοτεια																					,		
5468	300		Mat 	10	27	20		δομάτω			δομάτων			δομάτων			δοματων																					.		
5474	301		Mat 	10	28	6		ἀοκτενότω			ἀποκτενόντων			ἀποκτενόντων			αποκτενοντων																							
5483	301		Mat 	10	28	15		φοϐήη			φοϐήξητε			φοϐήξητε			φοβηξητε																							
5501	302		Mat 	10	29	5		ωλτ			πωλεῖταις			πωλεῖταις			πωλειταις																					;		
5504	302		Mat 	10	29	8					ἐχ			ἐχ			εχ																							
5519	303		Mat 	10	30	5		ίχες			τοσίχες			τοσίχες			τοσιχες																							
5524	303		Mat 	10	30	10		ἐισὶ			ἐισὶν			ἐισὶν			εισιν																					.		
5527	304		Mat 	10	31	3		φοϐκθτε			φοϐκθῆτε			φοϐκθῆτε			φοβκθητε																					,		
5531	304		Mat 	10	31	7		ἡμς			ἡμεῖς			ἡμεῖς			ημεις																					.		
5534	305		Mat 	10	32	3		ὅ			ὅς			ὅς			ος																							
5535	305		Mat 	10	32	4		ς			τις			τις			τις																							
5548	305		Mat 	10	32	17		παὸς			πατοσὸς			πατοσὸς			πατοσος																							
5554	306		Mat 	10	33	2		τἂ			τἂν			τἂν			ταν																							
5565	306		Mat 	10	33	13		παός			πατοσός			πατοσός			πατοσος																							
5575	307		Mat 	10	34	6		ἐρ			ἐρήνεν			ἐρήνεν			ερηνεν																					,		
5582	307		Mat 	10	34	13		ἐιρήν			ἐιρήνεν			ἐιρήνεν			ειρηνεν																					,		
5591	308		Mat 	10	35	7		παὸς			πατοσὸς			πατοσὸς			πατοσος																							
5597	308		Mat 	10	35	13		μηὸς			μητοσὸς			μητοσὸς			μητοσος																							
5600	308		Mat 	10	35	16		νύμφ			νύμφεν			νύμφεν			νυμφεν																							
5647	311		Mat 	10	38	13		ἔι			ἔστιν			ἔστιν			εστιν																							
5670	313		Mat 	10	40	4		ἐμὴ			ἐμὴ			ἐμὴ			εμη																							
5718	315		Mat 	10	42	20		ἀπολέσ			ἀπολέσει			ἀπολέσει			απολεσει																							
5782	320		Mat 	11	5	2		ἀναβλέουσι			ἀναβλέπουσιν			ἀναβλέπουσιν			αναβλεπουσιν																					,		
5785	320		Mat 	11	5	5		περιπατοῦσι			περιπατοῦσιν			περιπατοῦσιν			περιπατουσιν																					,		
5790	320		Mat 	11	5	10		ἀκούουσι			ἀκούουσιν			ἀκούουσιν			ακουουσιν																					,		
5798	321		Mat 	11	6	3		ι			ἐχιν			ἐχιν			εχιν																					,		
5817	322		Mat 	11	7	13		ήλθετε			ἐχήλθετε			ἐχήλθετε			εχηλθετε																							
5828	323		Mat 	11	8	3		ήλθετε			ἐχήλθετε			ἐχήλθετε			εχηλθετε																							
5848	324		Mat 	11	9	3		ήλϑετε			ἐχήλϑετε			ἐχήλϑετε			εχηλθετε																							
5859	325		Mat 	11	10	3		ιν			ἐχιν			ἐχιν			εχιν																							
5865	325		Mat 	11	10	9		ἀοέω			ἀποοστέλλω			ἀποοστέλλω			αποοστελλω																							
5873	325		Mat 	11	10	17		κατάσκάσ			κατάσκενάσει			κατάσκενάσει			κατασκενασει																							
5883	326		Mat 	11	11	5		ἐγεὶγερτ			ἐγεὶγερται			ἐγεὶγερται			εγειγερται																							
5906	328		Mat 	11	13	10		προεφὴτσα			προεφὴτενσαν			προεφὴτενσαν			προεφητενσαν																					.		
5912	329		Mat 	11	14	6		ι			ἐχιν			ἐχιν			εχιν																							
5927	331		Mat 	11	16	6		ταύτ			ταύτεν			ταύτεν			ταυτεν																					;		
5929	331		Mat 	11	16	8		ὶ			ἐχὶν			ἐχὶν			εχιν																							
5935	331		Mat 	11	16	14		ροσφωνοῦσι			προσφωνοῦσιν			προσφωνοῦσιν			προσφωνουσιν																							
5941	332		Mat 	11	17	3		ἠυλίσα			ἠυλίσαμεν			ἠυλίσαμεν			ηυλισαμεν																							
5951	333		Mat 	11	18	1		ἦλθε			ἦλθεν			ἦλθεν			ηλθεν																							
5954	333		Mat 	11	18	4		μή			μή			μή			μη																							
5955	333		Mat 	11	18	5					τε			τε			τε																							
5957	333		Mat 	11	18	7		μή			μή			μή			μη																							
5958	333		Mat 	11	18	8					τε			τε			τε																							
5961	333		Mat 	11	18	11		λέγουσι			λέγουσιν			λέγουσιν			λεγουσιν																					,		
5962	333		Mat 	11	18	12		ὅτι			ὅτι			ὅτι			οτι																							
6011	336		Mat 	11	21	3		χοραζεὶ			χοραζεὶν			χοραζεὶν			χοραζειν																					,		
6035	337		Mat 	11	22	1		ϖλ			ϖλεν			ϖλεν			πλεν																							
6058	338		Mat 	11	23	11		καταβϊβαήσκ			καταβϊβασθήσκ			καταβϊβασθήσκ			καταβιβασθησκ																					,		
6096	340		Mat 	11	25	9		ομολογοῦμ			ἐχομολογοῦμαι			ἐχομολογοῦμαι			εχομολογουμαι																							
6172	344		Mat 	11	29	5		ἐφʼ			ἐφ'			ἐφ'			εφ'																							
6176	344		Mat 	11	29	9		ἀϖʼ			ἀϖ'			ἀϖ'			απ'																							
6184	344		Mat 	11	29	17		καρδΐᾳ			καρδΐᾳ			καρδΐᾳ			καρδΐα																					,		
6210	346		Mat 	12	1	9		σάϐϐασιν			σάϐϐασιν			σάϐϐασιν			σαββασιν																							
6238	347		Mat 	12	2	14		ἔξ			ἔξἐχν			ἔξἐχν			εξεχν																							
6249	348		Mat 	12	3	8		ἐϖοίησεν			ἐϖοίησεν			ἐϖοίησεν			εποιησεν																							
6255	348		Mat 	12	3	14		μετʼ			μετ'			μετ'			μετ'																							
6278	349		Mat 	12	4	22		μεʼ			μετ'			μετ'			μετ'																							
6280	349		Mat 	12	4	24		ἐιμὴ			ἐιμὴ			ἐιμὴ			ειμη																							
6282	349		Mat 	12	4	26		ἱερεῦσιν			ἱερεῦσιν			ἱερεῦσιν			ιερευσιν																							
6299	350		Mat 	12	5	16		βεβηλοῦσι			βεβηλοῦσιν			βεβηλοῦσιν			βεβηλουσιν																					.		
6302	350		Mat 	12	5	19		ἐισι			ἐισιν			ἐισιν			εισιν																					;		
6315	352		Mat 	12	7	4		τΐ			τΐ			τΐ			τΐ																							
6317	352		Mat 	12	7	6		ἔλεοσ			ἔλεος			ἔλεος			ελεος																							
6321	352		Mat 	12	7	10		θυσΐα			θυσΐαν			θυσΐαν			θυσΐαν																					,		
6326	352		Mat 	12	7	15		ἀναιτΐους			ἀναιτΐους			ἀναιτΐους			αναιτΐους																					.		
6329	353		Mat 	12	8	3		ἐι			ἐστιν			ἐστιν			εστιν																							
6357	355		Mat 	12	10	14		ἔξει			ἔξεστιν			ἔξεστιν			εξεστιν																							
6359	355		Mat 	12	10	16		σάββασι			σάββασιν			σάββασιν			σαββασιν																							
6370	356		Mat 	12	11	7					ἐχ			ἐχ			εχ																							
6390	357		Mat 	12	12	1		πώσῳ			πώσῳ			πώσῳ			πωσω																							
6396	357		Mat 	12	12	7		ἔξει			ἔξεστιν			ἔξεστιν			εξεστιν																							
6398	357		Mat 	12	12	9		σάββασι			σάββασιν			σάββασιν			σαββασιν																							
6410	358		Mat 	12	13	10		έτεινε			ἐχέτεινεν			ἐχέτεινεν			εχετεινεν																							
6412	358		Mat 	12	13	12		ἀοκαάη			ἀποκατάσθη			ἀποκατάσθη			αποκατασθη																							
6420	359		Mat 	12	14	4		ελθόνε			ἐχελθόντες			ἐχελθόντες			εχελθοντες																							
6422	359		Mat 	12	14	6		ἔλα			ἔλα			ἔλα			ελα																							
6423	359		Mat 	12	14	7		βο			βον			βον			βον																							
6424	359		Mat 	12	14	8		κατʼ			κατ'			κατ'			κατ'																							
6480	363		Mat 	12	18	20		ἐπʼ			ἐπ'			ἐπ'			επ'																							
6501	365		Mat 	12	20	2		στειμμένο			συντετοσιμμένον			συντετοσιμμένον			συντετοσιμμενον																							
6522	366		Mat 	12	21	7		ἐλισι			ἐλπιοῦσιν			ἐλπιοῦσιν			ελπιουσιν																					.		
6524	367		Mat 	12	22	2		οσκηνέ			προσκηνέ			προσκηνέ			προσκηνε																							
6525	367		Mat 	12	22	3		χθη			χθη			χθη			χθη																							
6562	369		Mat 	12	24	8		ἐκϐάὰ			ἐκϐάλλειτὰ			ἐκϐάλλειτὰ			εκβαλλειτα																							
6564	369		Mat 	12	24	10		ἐιμὴ			ἐιμὴ			ἐιμὴ			ειμη																							
6583	370		Mat 	12	25	13		καθʼ			καθ'			καθ'			καθ'																							
6590	370		Mat 	12	25	20		ὀικΐα			ὀικΐα			ὀικΐα			οικΐα																							
6592	370		Mat 	12	25	22		καθʼ			καθ'			καθ'			καθ'																							
6602	371		Mat 	12	26	7		ἐκ			ἐκ			ἐκ			εκ																							
6603	371		Mat 	12	26	8		βάλλ			βάλλει			βάλλει			βαλλει																					,		
6604	371		Mat 	12	26	9		ἐφʼ			ἐφ'			ἐφ'			εφ'																							
6626	372		Mat 	12	27	14		ἐκβάλλουσι			ἐκβάλλουσιν			ἐκβάλλουσιν			εκβαλλουσιν																					;		
6633	373		Mat 	12	28	1		ἐι			ἐιδὲ			ἐιδὲ			ειδε																							
6643	373		Mat 	12	28	11		ἐφʼ			ἐφ'			ἐφ'			εφ'																							
6656	374		Mat 	12	29	8		ὀικΐα			ὀικΐαν			ὀικΐαν			οικΐαν																							
6673	374		Mat 	12	29	25		ὀικΐα			ὀικΐαν			ὀικΐαν			οικΐαν																							
6679	375		Mat 	12	30	4		με			μετ᾽			μετ᾽			μετ᾽																							
6681	375		Mat 	12	30	6		καʼ			κατ'			κατ'			κατ'																							
6682	375		Mat 	12	30	7		μοῦ			μοῦ			μοῦ			μου																							
6683	375		Mat 	12	30	8		ἐι			ἐστιν			ἐστιν			εστιν																					.		
6688	375		Mat 	12	30	13		με			μετ᾽			μετ᾽			μετ᾽																							
6713	377		Mat 	12	32	3		ἐὰ			ἐὰν			ἐὰν			εαν																							
6724	377		Mat 	12	32	14		δʼ			δ'			δ'			δ'																							
6732	377		Mat 	12	32	22		ὀυ			ὀυ			ὀυ			ου																							
6784	379		Mat 	12	34	14		καρδΐας			καρδΐας			καρδΐας			καρδΐας																					,		
6792	380		Mat 	12	35	5					τῶν			τῶν			των																							
6796	380		Mat 	12	35	9		καρδΐα			καρδΐας			καρδΐας			καρδΐας																							
6822	381		Mat 	12	36	13		ἀοδώσουσι			ἀποδώσουσιν			ἀποδώσουσιν			αποδωσουσιν																							
6890	385		Mat 	12	40	13		ς			τοσεῖς			τοσεῖς			τοσεις																							
6903	385		Mat 	12	40	26		ς			τοσεῖς			τοσεῖς			τοσεις																							
6906	385		Mat 	12	40	29		ς			τοσεῖς			τοσεῖς			τοσεις																							
6955	387		Mat 	12	42	24		σολομῶνος			σολομῶνος			σολομῶνος			σολομωνος																					,		
6958	387		Mat 	12	42	27		πλσ			πλεῖσν			πλεῖσν			πλεισν																							
6959	387		Mat 	12	42	28		σολομῶος			σολομῶνος			σολομῶνος			σολομωνος																							
6961	388		Mat 	12	43	1		Οτ			Οτ			οτ			οτ																							
6962	388		Mat 	12	43	2		͗ἂ			'ἂν			'ἂν			'αν																							
6967	388		Mat 	12	43	7		έλθῃ			ἐχέλθῃ			ἐχέλθῃ			εχελθη																							
6972	388		Mat 	12	43	12		δʼι			δ'ι			δ'ι			δ'ι																							
6978	388		Mat 	12	43	18		ὀυχʼ			ὀυχ'			ὀυχ'			ουχ'																							
6988	389		Mat 	12	44	9		ῆλθο			ἐχῆλθον			ἐχῆλθον			εχηλθον																					.		
6990	389		Mat 	12	44	11		ἐλθὼ			ἐλθὼν			ἐλθὼν			ελθων																							
7000	390		Mat 	12	45	5		μεθʼ			μεθ'			μεθ'			μεθ'																							
7005	390		Mat 	12	45	10		οηρότερα			ονηρότερα			ονηρότερα			ονηροτερα																							
7037	391		Mat 	12	46	9		μηὴρ			μητοὴρ			μητοὴρ			μητοηρ																					,		
7047	392		Mat 	12	47	1		ιε			ιπεν			ιπεν			ειπεν																							
7060	392		Mat 	12	47	14		ἐήκασι			ἐστήκασιν			ἐστήκασιν			εστηκασιν																					,		
7067	393		Mat 	12	48	4		ιεν			ιπεν			ιπεν			ειπεν																							
7098	394		Mat 	12	49	17		ἀδελεφοὶ			ἀδελεφοὶ			ἀδελεφοὶ			αδελεφοι																							
7111	395		Mat 	12	50	12		ὀρανοῖς			ὀρανοῖς			ὀρανοῖς			ορανοις																					.		
7130	396		Mat 	13	1	11		ὁικΐας			ὁικΐας			ὁικΐας			οικΐας																					,		
7140	397		Mat 	13	2	6		ϖοὶ			ϖολλὶ			ϖολλὶ			πολλι																					.		
7155	397		Mat 	13	2	21		ἑήκ			ἑστήκει			ἑστήκει			εστηκει																					,		
7164	398		Mat 	13	3	9		ῆλθε			ἐχῆλθεν			ἐχῆλθεν			εχηλθεν																							
7176	399		Mat 	13	4	8		ἔπεσε			ἔπεσεν			ἔπεσεν			επεσεν																							
7181	399		Mat 	13	4	13		ἦλϑε			ἦλϑεν			ἦλϑεν			ηλθεν																							
7192	400		Mat 	13	5	6		εώδη			πετοσώδη			πετοσώδη			πετοσωδη																					,		
7195	400		Mat 	13	5	9		ιχε			ιχεν			ιχεν			ειχεν																							
7200	400		Mat 	13	5	14		ανέτλε			ἐχανέτειλεν			ἐχανέτειλεν			εχανετειλεν																							
7217	401		Mat 	13	6	11		ηράνθη			ἐχηράνθη			ἐχηράνθη			εχηρανθη																					.		
7225	402		Mat 	13	7	8		ἀνέϐησε			ἀνέϐησεν			ἀνέϐησεν			ανεβησεν																							
7233	403		Mat 	13	8	3		ἔπεσα			ἔπεσαν			ἔπεσαν			επεσαν																							
7247	403		Mat 	13	8	17		ήκοντα			ἐχήκοντα			ἐχήκοντα			εχηκοντα																					,		
7250	403		Mat 	13	8	20		ιάκοτα			τοσιάκοντα			τοσιάκοντα			τοσιακοντα																					.		
7262	405		Mat 	13	10	7		διὰ			διὰ			διὰ			δια																							
7263	405		Mat 	13	10	8		τὶ			τὶ			τὶ			τι																							
7276	406		Mat 	13	11	9		γνεῶαι			γνεῶναι			γνεῶναι			γνεωναι																							
7302	407		Mat 	13	12	16		ἀϖʼ			ἀϖ'			ἀϖ'			απ'																							
7313	408		Mat 	13	13	10		βλέουσι			βλέπουσιν			βλέπουσιν			βλεπουσιν																					,		
7319	408		Mat 	13	13	16		σΐουσι			συνΐουσιν			συνΐουσιν			συνιουσιν																					.		
7322	409		Mat 	13	14	3		ἐϖʼ			ἐϖ'			ἐϖ'			επ'																							
7325	409		Mat 	13	14	6		εφητεία			πρεφητεία			πρεφητεία			πρεφητεια																							
7345	410		Mat 	13	15	4		καρδΐα			καρδΐα			καρδΐα			καρδΐα																							
7360	410		Mat 	13	15	19		ἴδωσι			ἴδωσιν			ἴδωσιν			ιδωσιν																							
7366	410		Mat 	13	15	25		ἀκούσωσι			ἀκούσωσιν			ἀκούσωσιν			ακουσωσιν																					,		
7370	410		Mat 	13	15	29		σιῶσι			συνιῶσιν			συνιῶσιν			συνιωσιν																					,		
7372	410		Mat 	13	15	31		ἐϖιρέψωσι			ἐϖιστρέψωσιν			ἐϖιστρέψωσιν			επιστρεψωσιν																							
7382	411		Mat 	13	16	7		βλέπουσι			βλέπουσιν			βλέπουσιν			βλεπουσιν																					,		
7440	414		Mat 	13	19	22		ι			ἐχιν			ἐχιν			εχιν																							
7450	415		Mat 	13	20	5		πεώδη			πετοσώδη			πετοσώδη			πετοσωδη																							
7453	415		Mat 	13	20	8		ι			ἐχιν			ἐχιν			εχιν																							
7469	416		Mat 	13	21	6		ἑαν			ἑαντῷ			ἑαντῷ			εαντω																					,		
7472	416		Mat 	13	21	9		ι			ἐχιν			ἐχιν			εχιν																					.		
7482	416		Mat 	13	21	19		οκανδαλΐζετ			οκανδαλΐζεται			οκανδαλΐζεται			οκανδαλιζεται																					.		
7490	417		Mat 	13	22	8		ι			ἐχιν			ἐχιν			εχιν																							
7541	418		Mat 	13	23	30		ιάκοτα			τοσιάκοντα			τοσιάκοντα			τοσιακοντα																					.		
7542	419		Mat 	13	24	1		ἂ			ἂλλεν			ἂλλεν			αλλεν																							
7547	419		Mat 	13	24	6		ὁμοιώη			ὁμοιώθη			ὁμοιώθη			ομοιωθη																							
7566	420		Mat 	13	25	7		ἦολθε			ἦολθεν			ἦολθεν			ηολθεν																							
7571	420		Mat 	13	25	12		ἔρε			ἔσπειρεν			ἔσπειρεν			εσπειρεν																							
7586	421		Mat 	13	26	8		ἐοίησε			ἐποίησεν			ἐποίησεν			εποιησεν																					,		
7601	422		Mat 	13	27	10		ὀυ			ὀυ			ὀυ			ου																							
7621	423		Mat 	13	28	8		ἐοίμσε			ἐποίμσεν			ἐποίμσεν			εποιμσεν																					.		
7646	425		Mat 	13	30	2		ἀυξάνε			ἀυξάνεσθαι			ἀυξάνεσθαι			αυξανεσθαι																							
7675	425		Mat 	13	30	31		σάγετε			συνάγετε			συνάγετε			συναγετε																							
7701	427		Mat 	13	32	1		ὃ			ὃν			ὃν			ον																							
7702	427		Mat 	13	32	2		μικρώτερο			μικρώτερον			μικρώτερον			μικρωτερον																							
7704	427		Mat 	13	32	4		ι			ἐχιν			ἐχιν			εχιν																							
7708	427		Mat 	13	32	8		ὅα			ὅτ᾽αν			ὅτ᾽αν			οτ᾽αν																							
7714	427		Mat 	13	32	14		ἐί			ἐστίν			ἐστίν			εστιν																					,		
7744	428		Mat 	13	33	15		ἕκρυψε			ἕκρυψεν			ἕκρυψεν			εκρυψεν																							
7748	428		Mat 	13	33	19		ΐα			τοσΐα			τοσΐα			τοσια																							
7794	431		Mat 	13	36	8		ὀικΐαν			ὀικΐαν			ὀικΐαν			οικΐαν																							
7808	431		Mat 	13	36	22		ζιζανΐω			ζιζανΐων			ζιζανΐων			ζιζανΐων																							
7853	434		Mat 	13	39	5		είρω			σπείρων			σπείρων			σπειρων																							
7907	436		Mat 	13	41	22		ἀομΐα			ἀνομΐαν			ἀνομΐαν			ανομΐαν																					,		
7927	438		Mat 	13	43	3		δΐκαιοι			δΐκαιοι			δΐκαιοι			δΐκαιοι																							
7936	438		Mat 	13	43	12		παός			πατοσός			πατοσός			πατοσος																							
7956	439		Mat 	13	44	14		ἑρὼ			ἑρὼν			ἑρὼν			ερων																							
7958	439		Mat 	13	44	16		ἔκρυψε			ἔκρυψεν			ἔκρυψεν			εκρυψεν																					,		
7977	440		Mat 	13	45	3		ὶ			ἐχὶν			ἐχὶν			εχιν																							
7986	440		Mat 	13	45	12		μαργαρΐτας			μαργαρΐτας			μαργαρΐτας			μαργαρΐτας																					,		
7996	441		Mat 	13	46	10		ιχε			ιχεν			ιχεν			ειχεν																					,		
8001	442		Mat 	13	47	2		ὁμοΐα			ὁμοΐα			ὁμοΐα			ομοΐα																							
8002	442		Mat 	13	47	3		ὶ			ἐχὶν			ἐχὶν			εχιν																							
8030	443		Mat 	13	48	14		ἄη			ἄγγη			ἄγγη			αγγη																					,		
8036	444		Mat 	13	49	1		ὅτως			ὅτως			ὅτως			οτως																							
8047	444		Mat 	13	49	12		ἀφοριοῦσι			ἀφοριοῦσιν			ἀφοριοῦσιν			αφοριουσιν																							
8089	447		Mat 	13	52	9		μαθηθεὶς			μαθητενθεὶς			μαθητενθεὶς			μαθητενθεις																							
8096	447		Mat 	13	52	16		ι			ἐχιν			ἐχιν			εχιν																							
8101	447		Mat 	13	52	21		βά			βάλλει			βάλλει			βαλλει																							
8119	449		Mat 	13	54	1		ἐκθε			ἐκεῖθεν			ἐκεῖθεν			εκειθεν																					.		
8124	449		Mat 	13	54	6		παί			πατοσί			πατοσί			πατοσι																							
8125	449		Mat 	13	54	7		δα			δα			δα			δα																							
8134	449		Mat 	13	54	16		ἐκ			ἐκ			ἐκ			εκ																							
8135	449		Mat 	13	54	17		πλήε			πλήπτεσθαι			πλήπτεσθαι			πληπτεσθαι																							
8147	450		Mat 	13	55	1		ὀυχ͗			ὀυχ'			ὀυχ'			ουχ'																							
8149	450		Mat 	13	55	3		ι			ἐχιν			ἐχιν			εχιν																							
8175	451		Mat 	13	56	5		ὀυχὶπᾶσ			ὀυχὶπᾶσαι			ὀυχὶπᾶσαι			ουχιπασαι																							
8178	451		Mat 	13	56	8		ἐισι			ἐισιν			ἐισιν			εισιν																					;		
8194	452		Mat 	13	57	11		ἔι			ἔστιν			ἔστιν			εστιν																							
8201	452		Mat 	13	57	18		παίδϊ			πατοσίδϊ			πατοσίδϊ			πατοσιδι																							
8230	455		Mat 	14	2	2		ιπε			ιπεν			ιπεν			ειπεν																							
8235	455		Mat 	14	2	7		ι			ἐχιν			ἐχιν			εχιν																							
8243	455		Mat 	14	2	15		νεκρ			νεκρν			νεκρν			νεκρον																					.		
8250	455		Mat 	14	2	22		εργοῦσι			εργοῦσιν			εργοῦσιν			εργουσιν																							
8263	456		Mat 	14	3	11		ἐις			ἐις			ἐις			εις																							
8264	456		Mat 	14	3	12		φυλακ			φυλακὴν			φυλακὴν			φυλακην																					,		
8269	456		Mat 	14	3	17		φιλΐου			φιλΐππου			φιλΐππου			φιλΐππου																							
8273	457		Mat 	14	4	1		ἔλεγε			ἔλεγεν			ἔλεγεν			ελεγεν																							
8279	457		Mat 	14	4	7		εί			ἐχεστίν			ἐχεστίν			εχεστιν																							
8295	459		Mat 	14	6	1		γενεσίοισ			γενεσίοις			γενεσίοις			γενεσιοις																							
8297	459		Mat 	14	6	3		ἀγοοις			ἀγομένοις			ἀγομένοις			αγομενοις																							
8309	459		Mat 	14	6	15		ἤρεσε			ἤρεσεν			ἤρεσεν			ηρεσεν																							
8313	460		Mat 	14	7	2		μεθʼὄρκου			μεθ'ὄρκου			μεθ'ὄρκου			μεθ'ορκου																							
8347	462		Mat 	14	9	10		τού			τού			τού			του																							
8349	462		Mat 	14	9	12		ἐκέλευσεν			ἐκέλευσεν			ἐκέλευσεν			εκελευσεν																							
8351	462		Mat 	14	9	14		ἀυτῇ			ἀυτῇ			ἀυτῇ			αυτη																							
8354	463		Mat 	14	10	3		ἀπεκεφάλησεν			ἀπεκεφάλησεν			ἀπεκεφάλησεν			απεκεφαλησεν																							
8372	464		Mat 	14	11	13		ἤνεκεν			ἤνεγκεν			ἤνεγκεν			ηνεγκεν																							
8398	466		Mat 	14	13	12		κα			κατ᾽			κατ᾽			κατ᾽																							
8411	467		Mat 	14	14	2		ελϑὼ			ἐχελϑὼν			ἐχελϑὼν			εχελθων																							
8414	467		Mat 	14	14	5		ιδε			ιδεν			ιδεν			ειδεν																							
8420	467		Mat 	14	14	11		͗			'			'			'																							
8423	467		Mat 	14	14	14		ἐεράπευσε			ἐθεράπευσεν			ἐθεράπευσεν			εθεραπευσεν																							
8437	468		Mat 	14	15	11		ι			ἐχιν			ἐχιν			εχιν																							
8471	470		Mat 	14	17	3		λέγουσοι			λέγουσοιν			λέγουσοιν			λεγουσοιν																							
8476	470		Mat 	14	17	8		ἐιμὴ			ἐιμὴ			ἐιμὴ			ειμη																							
8477	470		Mat 	14	17	9		πέιε			πέιτε			πέιτε			πειτε																							
8484	471		Mat 	14	18	3		ιπεν			ιπεν			ιπεν			ειπεν																					.		
8510	472		Mat 	14	19	22		ἐυλόγησε			ἐυλόγησεν			ἐυλόγησεν			ευλογησεν																					,		
8513	472		Mat 	14	19	25		ἔδωκε			ἔδωκεν			ἔδωκεν			εδωκεν																							
8542	474		Mat 	14	21	6		ὡς			ὡς			ὡς			ως																							
8567	475		Mat 	14	22	20		ν			ν			ν			ον																							
8579	476		Mat 	14	23	9		κα			κατ᾽			κατ᾽			κατ᾽																							
8580	476		Mat 	14	23	10		ἰδΐα			ἰδΐαν			ἰδΐαν			ιδΐαν																							
8582	476		Mat 	14	23	12		ὀψΐας			ὀψΐας			ὀψΐας			οψΐας																							
8610	478		Mat 	14	25	6		ἀπῆλε			ἀπῆλθεν			ἀπῆλθεν			απηλθεν																							
8617	478		Mat 	14	25	13					τὴν			τὴν			την																							
8618	478		Mat 	14	25	14		άλααν			θάλασσαν			θάλασσαν			θαλασσαν																					.		
8632	479		Mat 	14	26	14		ἐι			ἐστιν			ἐστιν			εστιν																					.		
8637	479		Mat 	14	26	19		ἔχραξα			ἔχραξαν			ἔχραξαν			εχραξαν																							
8649	480		Mat 	14	27	12		φοϐῆε			φοϐῆσθε			φοϐῆσθε			φοβησθε																					.		
8654	481		Mat 	14	28	5		έο			πέτοσος			πέτοσος			πετοσος																							
8655	481		Mat 	14	28	6		ιπεν			ιπεν			ιπεν			ειπεν																					,		
8678	482		Mat 	14	29	11		έο			πέτοσος			πέτοσος			πετοσος																							
8679	482		Mat 	14	29	12		περιεάτησι			περιεπάτησιν			περιεπάτησιν			περιεπατησιν																							
8711	484		Mat 	14	31	11		ιπε			ιπεν			ιπεν			ειπεν																							
8745	487		Mat 	14	34	7		γεννησαρέθ			γεννησαρέθ			γεννησαρέθ			γεννησαρεθ																					.		
8759	488		Mat 	14	35	14		ἐκείν			ἐκείνεν			ἐκείνεν			εκεινεν																					,		
8784	490		Mat 	15	1	3					τοῦ			τοῦ			του																							
8793	491		Mat 	15	2	1		διὰ			διὰ			διὰ			δια																							
8794	491		Mat 	15	2	2		τί			τί			τί			τι																							
8798	491		Mat 	15	2	6		παραϐνουσι			παραϐαίνουσιν			παραϐαίνουσιν			παραβαινουσιν																							
8802	491		Mat 	15	2	10		εσϐυέρω			πρεσειϐυτέρων			πρεσειϐυτέρων			πρεσειβυτερων																					;		
8818	492		Mat 	15	3	7		τί			τί			τί			τι																							
8823	492		Mat 	15	3	12					ἐν			ἐν			εν																							
8824	492		Mat 	15	3	13		τολ			τολὴν			τολὴν			τολην																							
8849	493		Mat 	15	4	19		λτάτω			τελεντάτω			τελεντάτω			τελεντατω																					.		
8857	494		Mat 	15	5	8		παὶ			πατοσὶ			πατοσὶ			πατοσι																							
8858	494		Mat 	15	5	9					καὶ			καὶ			και																							
8864	494		Mat 	15	5	15					ἐχ			ἐχ			εχ																							
8868	495		Mat 	15	6	2		ὀυμὴ			ὀυμὴ			ὀυμὴ			ουμη																							
8869	495		Mat 	15	6	3		μήσ			τιμήσει			τιμήσει			τιμησει																							
8889	496		Mat 	15	7	3		οεφήτσε			προεφήτενσεν			προεφήτενσεν			προεφητενσεν																							
8892	496		Mat 	15	7	6		ἡσαΐας			ἡσαΐας			ἡσαΐας			ησαΐας																							
8904	497		Mat 	15	8	11		χείλεσὶ			χείλεσὶν			χείλεσὶν			χειλεσιν																							
8913	497		Mat 	15	8	20		ἀϖʼ			ἀϖ'			ἀϖ'			απ'																							
8943	500		Mat 	15	11	12		ἐκορόο			ἐκπορενόμενον			ἐκπορενόμενον			εκπορενομενον																							
8965	501		Mat 	15	12	15		ἐσκἀνδαλήησα			ἐσκἀνδαλήσθησαν			ἐσκἀνδαλήσθησαν			εσκανδαλησθησαν																					;		
8969	502		Mat 	15	13	4		ιπε			ιπεν			ιπεν			ειπεν																					.		
8974	502		Mat 	15	13	9		ἐφύτσε			ἐφύτενσεν			ἐφύτενσεν			εφυτενσεν																							
8983	503		Mat 	15	14	4		ἐισι			ἐισιν			ἐισιν			εισιν																					,		
8991	503		Mat 	15	14	12		ἀμφό			ἀμφό			ἀμφό			αμφο																							
8992	503		Mat 	15	14	13		τεροι			τεροι			τεροι			τεροι																							
8999	504		Mat 	15	15	4		έος			πέτοσος			πέτοσος			πετοσος																							
9021	506		Mat 	15	17	6		ἐιρόο			ἐισπορενόμενον			ἐισπορενόμενον			εισπορενομενον																							
9022	506		Mat 	15	17	7		ἐιτ			ἐιστ			ἐιστ			ειστ																							
9023	506		Mat 	15	17	8		ὸ			ὸ			ὸ			ο																							
9035	507		Mat 	15	18	3		ἐκπορόα			ἐκπορενόμενα			ἐκπορενόμενα			εκπορενομενα																							
9042	507		Mat 	15	18	10		έρχετ			ἐχέρχεται			ἐχέρχεται			εχερχεται																					,		
9051	508		Mat 	15	19	5		έρχοναι			ἐχέρχονται			ἐχέρχονται			εχερχονται																							
9054	508		Mat 	15	19	8		φθόνοι			φθόνοι			φθόνοι			φθονοι																					,		
9058	508		Mat 	15	19	12		ψδομαρτυρί			ψενδομαρτυρίαι			ψενδομαρτυρίαι			ψενδομαρτυριαι																					,		
9061	509		Mat 	15	20	2		ι			ἐχιν			ἐχιν			εχιν																							
9069	509		Mat 	15	20	10		χσὶ			χερσὶν			χερσὶν			χερσιν																							
9076	510		Mat 	15	21	2		ελθὼ			ἐχελθὼν			ἐχελθὼν			εχελθων																							
9090	511		Mat 	15	22	4		κα			καναναῖα			καναναῖα			καναναια																							
9095	511		Mat 	15	22	9		ελθοῦσα			ἐχελθοῦσα			ἐχελθοῦσα			εχελθουσα																					,		
9096	511		Mat 	15	22	10		ἔκραζε			ἔκραζεν			ἔκραζεν			εκραζεν																							
9102	511		Mat 	15	22	16		ὸς			υἱὸς			υἱὸς			υιος																							
9147	514		Mat 	15	25	4		οσεκύνησε			προσεκύνησεν			προσεκύνησεν			προσεκυνησεν																							
9171	516		Mat 	15	27	3		ιπε			ιπεν			ιπεν			ειπεν																					,		
9181	516		Mat 	15	27	13		ψυχίω			ψυχίων			ψυχίων			ψυχιων																							
9186	516		Mat 	15	27	18		απέζης			τοσαπέζης			τοσαπέζης			τοσαπεζης																							
9220	518		Mat 	15	29	6		ἦλθε			ἦλθεν			ἦλθεν			ηλθεν																							
9235	519		Mat 	15	30	3		ὸς			πρὸς			πρὸς			προς																							
9236	519		Mat 	15	30	4		ἀυ			ἀυτὸν			ἀυτὸν			αυτον																							
9240	519		Mat 	15	30	8		μεϑʼ			μεϑ'			μεϑ'			μεθ'																							
9258	519		Mat 	15	30	26		ἐθεράπσε			ἐθεράπενσεν			ἐθεράπενσεν			εθεραπενσεν																							
9285	521		Mat 	15	32	8		ιπε			ιπεν			ιπεν			ειπεν																					.		
9293	521		Mat 	15	32	16		ς			τοσεῖς			τοσεῖς			τοσεις																							
9294	521		Mat 	15	32	17		οσουσί			προσμένουσίν			προσμένουσίν			προσμενουσιν																							
9298	521		Mat 	15	32	21		ἔχουσι			ἔχουσιν			ἔχουσιν			εχουσιν																							
9300	521		Mat 	15	32	23		φάγωσι			φάγωσιν			φάγωσιν			φαγωσιν																					,		
9307	521		Mat 	15	32	30		μή			μή			μή			μη																							
9308	521		Mat 	15	32	31		ποτε			ποτε			ποτε			ποτε																							
9344	524		Mat 	15	35	2		ἐκέλσε			ἐκέλενσεν			ἐκέλενσεν			εκελενσεν																							
9353	525		Mat 	15	36	3		οὺς			τοοὺς			τοοὺς			τοους																							
9363	525		Mat 	15	36	13		ἔδωκε			ἔδωκεν			ἔδωκεν			εδωκεν																							
9371	525		Mat 	15	36	21		ὄκλῳ			ὄκλῳ			ὄκλῳ			οκλω																					,		
9389	527		Mat 	15	38	4		ἦσαντετρακι			ἦσαντετρακις			ἦσαντετρακις			ησαντετρακις																							
9390	527		Mat 	15	38	5		ίλιοι			σχίλιοι			σχίλιοι			σχιλιοι																							
9400	528		Mat 	15	39	5		ἀνέϐη			ἀνέϐη			ἀνέϐη			ανεβη																							
9423	529		Mat 	16	1	14		δξαι			δεῖξαι			δεῖξαι			δειξαι																							
9472	532		Mat 	16	4	12		ἐιμὴ			ἐιμὴ			ἐιμὴ			ειμη																							
9481	532		Mat 	16	4	21		ἀπλθε			ἀπῆλθεν			ἀπῆλθεν			απηλθεν																					,		
9502	534		Mat 	16	6	9		ἀό			ἀποό			ἀποό			αποο																							
9506	534		Mat 	16	6	13		φαριω			φαριαίων			φαριαίων			φαριαιων																							
9552	538		Mat 	16	10	6		τεακϊϊλίω			τετοσακϊσχϊλίων			τετοσακϊσχϊλίων			τετοσακισχιλιων																					,		
9559	539		Mat 	16	11	3		ν			νεῖτε			νεῖτε			νειτε																					,		
9563	539		Mat 	16	11	7		ἄρτον			ἄρτον			ἄρτον			αρτον																							
9566	539		Mat 	16	11	10		οσέχε			προσέχετε			προσέχετε			προσεχετε																							
9578	540		Mat 	16	12	5		ιπε			ιπεν			ιπεν			ειπεν																							
9585	540		Mat 	16	12	12		ἀὰ			ἀλλὰ			ἀλλὰ			αλλα																							
9623	542		Mat 	16	14	6		ἰωάνν			ἰωάννεν			ἰωάννεν			ιωαννεν																							
9631	542		Mat 	16	14	14		ἱεμΐα			ἱερεμΐαν			ἱερεμΐαν			ιερεμΐαν																					,		
9647	544		Mat 	16	16	4		έ			πέτοσος			πέτοσος			πετοσος																							
9648	544		Mat 	16	16	5		εἶπε			εἶπεν			εἶπεν			ειπεν																					,		
9675	545		Mat 	16	17	17		ἀεκάλυψέ			ἀπεκάλυψέν			ἀπεκάλυψέν			απεκαλυψεν																							
9677	545		Mat 	16	17	19		ἁλλʼ			ἁλλ'			ἁλλ'			αλλ'																							
9684	545		Mat 	16	17	26		ὀυρῖς			ὀυρανῖς			ὀυρανῖς			ουρανις																					.		
9692	546		Mat 	16	18	8		έος			πέτοσος			πέτοσος			πετοσος																					,		
9697	546		Mat 	16	18	13		ϖέᾳ			ϖέτοσᾳ			ϖέτοσᾳ			πετοσα																					.		
9718	547		Mat 	16	19	11		ὅσα			ὅσα			ὅσα			οσα																							
9719	547		Mat 	16	19	12		ἂ			ἂν			ἂν			αν																							
9725	547		Mat 	16	19	18		εδεα			δεδεμένα			δεδεμένα			δεδεμενα																							
9730	547		Mat 	16	19	23		ὅσα			ὅσα			ὅσα			οσα																							
9731	547		Mat 	16	19	24		ἂ			ἂν			ἂν			αν																							
9737	547		Mat 	16	19	30		λελυα			λελυμένα			λελυμένα			λελυμενα																							
9740	547		Mat 	16	19	33		θυροῖς			θυρανοῖς			θυρανοῖς			θυρανοις																					.		
9751	548		Mat 	16	20	11		ι			ἐχιν			ἐχιν			εχιν																							
9784	549		Mat 	16	21	30		ὶτῃ			τοσὶτῃ			τοσὶτῃ			τοσιτη																							
9791	550		Mat 	16	22	5		έο			πέτοσος			πέτοσος			πετοσος																					,		
9807	551		Mat 	16	23	4		ιπε			ιπεν			ιπεν			ειπεν																							
9809	551		Mat 	16	23	6		έῳ			πέτοσῳ			πέτοσῳ			πετοσω																					.		
9830	552		Mat 	16	24	4		ιπε			ιπεν			ιπεν			ειπεν																							
9861	553		Mat 	16	25	12		δʼ			δ'			δ'			δ'																							
9863	553		Mat 	16	25	14		ἀλήσῃ			ἀπολήσῃ			ἀπολήσῃ			αποληση																							
9873	554		Mat 	16	26	3		ὠφεληθήσετ			ὠφεληθήσεται			ὠφεληθήσεται			ωφεληθησεται																							
9898	555		Mat 	16	27	6		ἀνϐθρώπου			ἀνϐθρώπου			ἀνϐθρώπου			ανβθρωπου																							
9921	556		Mat 	16	28	4		ἐισί			ἐισίν			ἐισίν			εισιν																							
9924	556		Mat 	16	28	7		ἐώτω			ἐστώτων			ἐστώτων			εστωτων																					,		
9925	556		Mat 	16	28	8		ὅι			ὅι			ὅι			οι																							
9929	556		Mat 	16	28	12		εύσον			γεύσονται			γεύσονται			γευσονται																							
9933	556		Mat 	16	28	16		ἴδωσι			ἴδωσιν			ἴδωσιν			ιδωσιν																							
9944	557		Mat 	17	1	2		μεϑʼ			μεϑ'			μεϑ'			μεθ'																							
9951	557		Mat 	17	1	9		πέο			πέτοσον			πέτοσον			πετοσον																							
9962	557		Mat 	17	1	20		ἐι			ἐι			ἐι			ει																							
9965	557		Mat 	17	1	23		καʼ			κατ'			κατ'			κατ'																							
9968	558		Mat 	17	2	2		ρ			ειρ			ειρ			ειρ																							
9973	558		Mat 	17	2	7		ἔαμψε			ἔλλαμψεν			ἔλλαμψεν			ελλαμψεν																							
9984	558		Mat 	17	2	18		ἐοετο			ἐγένοετο			ἐγένοετο			εγενοετο																							
9985	558		Mat 	17	2	19		λκὰ			λενκὰ			λενκὰ			λενκα																							
9995	559		Mat 	17	3	7		ἡλΐας			ἡλΐας			ἡλΐας			ηλΐας																					,		
9996	559		Mat 	17	3	8		με			μετ᾽			μετ᾽			μετ᾽																							
10002	560		Mat 	17	4	4		πὲος			πὲτοσος			πὲτοσος			πετοσος																					,		
10003	560		Mat 	17	4	5		ιπε			ιπεν			ιπεν			ειπεν																							
10008	560		Mat 	17	4	10		ι			ἐχιν			ἐχιν			εχιν																							
10019	560		Mat 	17	4	21		μΐα			μΐαν			μΐαν			μΐαν																					,		
10022	560		Mat 	17	4	24		μΐα			μΐαν			μΐαν			μΐαν																					,		
10024	560		Mat 	17	4	26		ὴλΐᾳ			ὴλΐᾳ			ὴλΐᾳ			ηλΐα																							
10032	561		Mat 	17	5	7		ἐπισκίασε			ἐπισκίασεν			ἐπισκίασεν			επισκιασεν																							
10042	561		Mat 	17	5	17		ι			ἐχιν			ἐχιν			εχιν																							
10091	565		Mat 	17	9	4		ἐὰ			ἐὰ			ἐὰ			εα																							
10120	566		Mat 	17	10	11		αματς			γραματεῖς			γραματεῖς			γραματεις																							
10135	567		Mat 	17	11	9		ἔρχεε			ἔρχετε			ἔρχετε			ερχετε																							
10146	568		Mat 	17	12	7		ἦλθε			ἦλθεν			ἦλθεν			ηλθεν																					,		
10148	568		Mat 	17	12	9		ὀνκ			ὀνκ			ὀνκ			ονκ																							
10151	568		Mat 	17	12	12		ἀλλʼ			ἀλλ'			ἀλλ'			αλλ'																							
10157	568		Mat 	17	12	18		ὅυτως			ὅυτως			ὅυτως			ουτως																							
10165	568		Mat 	17	12	26		ὑϖʼ			ὑϖ'			ὑϖ'			υπ'																							
10185	570		Mat 	17	14	8					τῷ			τῷ			τω																							
10186	570		Mat 	17	14	9		ΙΗΣΟΥ			ΙΗΣΟΥ			ιησου			ιησου																							
10188	570		Mat 	17	14	11		τι			τις			τις			τις																							
10199	571		Mat 	17	15	7		σελιάζε			σελενιάζεται			σελενιάζεται			σελενιαζεται																							
10222	572		Mat 	17	16	9		ἠδήθησα			ἠδυνήθησαν			ἠδυνήθησαν			ηδυνηθησαν																							
10234	573		Mat 	17	17	10		διεύαμη			διεύστραμμένη			διεύστραμμένη			διευστραμμενη																					,		
10238	573		Mat 	17	17	14		μεϑʼ			μεϑ'			μεϑ'			μεθ'																							
10254	574		Mat 	17	18	7		ῆλθε			ἐχῆλθεν			ἐχῆλθεν			εχηλθεν																							
10255	574		Mat 	17	18	8		ἀϖʼ			ἀϖ'			ἀϖ'			απ'																							
10260	574		Mat 	17	18	13		ἑθαπέυη			ἑθεραπέυσθη			ἑθεραπέυσθη			εθεραπευσθη																							
10273	575		Mat 	17	19	7		καʼ			κατ'			κατ'			κατ'																							
10276	575		Mat 	17	19	10		διὰ			διὰ			διὰ			δια																							
10277	575		Mat 	17	19	11		τί			τί			τί			τι																							
10280	575		Mat 	17	19	14		ἡδήθη			ἡδυνήθη-			ἡδυνήθη-			ηδυνηθη-																							
